Sector_score,LOCATION_ID,PARA_A,Score_A,Risk_A,PARA_B,Score_B,Risk_B,TOTAL,numbers,Score_B,Risk_C,Money_Value,Score_MV,Risk_D,District_Loss,PROB,RiSk_E,History,Prob,Risk_F,Score,Inherent_Risk,CONTROL_RISK,Detection_Risk,Audit_Risk,Risk
3.89,23,4.18,0.6,2508,2.5,0.2,0.5,6.68,5,0.2,1,3.38,0.2,676,2,0.2,0.4,0,0.2,0,2.4,8574,0.4,0.5,1.7148,1
3.89,6,0,0.2,0,4.83,0.2,966,4.83,5,0.2,1,0.94,0.2,188,2,0.2,0.4,0,0.2,0,2,2554,0.4,0.5,0.5108,0
3.89,6,0.51,0.2,102,0.23,0.2,46,0.74,5,0.2,1,0,0.2,0,2,0.2,0.4,0,0.2,0,2,1548,0.4,0.5,0.3096,0
3.89,6,0,0.2,0,10.8,0.6,6.48,10.8,6,0.6,3.6,11.75,0.6,7.05,2,0.2,0.4,0,0.2,0,4.4,17.53,0.4,0.5,3506,1
3.89,6,0,0.2,0,0.08,0.2,16,0.08,5,0.2,1,0,0.2,0,2,0.2,0.4,0,0.2,0,2,1416,0.4,0.5,0.2832,0
3.89,6,0,0.2,0,0.83,0.2,166,0.83,5,0.2,1,2.95,0.2,0.59,2,0.2,0.4,0,0.2,0,2,2156,0.4,0.5,0.4312,0
3.89,7,1.1,0.4,0.44,7.41,0.4,2964,8.51,5,0.2,1,44.95,0.6,26.97,2,0.2,0.4,0,0.2,0,3.2,31774,0.4,0.5,6.3548,1
3.89,8,8.5,0.6,5.1,12.03,0.6,7218,20.53,5.5,0.4,2.2,7.79,0.4,3116,2,0.2,0.4,0,0.2,0,4.2,18034,0.4,0.5,3.6068,1
3.89,8,8.4,0.6,5.04,11.05,0.6,6.63,19.45,5.5,0.4,2.2,7.34,0.4,2936,2,0.2,0.4,0,0.2,0,4.2,17206,0.4,0.5,3.4412,1
3.89,8,3.98,0.6,2388,0.99,0.2,198,4.97,5,0.2,1,1.93,0.2,386,2,0.2,0.4,0,0.2,0,2.4,4372,0.4,0.5,0.8744,0
3.89,8,5.43,0.6,3258,10.77,0.6,6462,16.2,5,0.2,1,4.42,0.2,884,2,0.2,0.4,0,0.2,0,3.6,12004,0.4,0.5,2.4008,1
3.89,8,15.38,0.6,9228,40.14,0.6,24084,55.52,5,0.2,1,0.96,0.2,192,2,0.4,0.8,1,0.4,0.4,4,35704,1.2,0.5,21.4224,1
3.89,8,5.47,0.6,3282,7.63,0.4,3052,13.1,5,0.2,1,10.43,0.6,6258,2,0.2,0.4,1,0.4,0.4,3.6,14392,0.8,0.5,5.7568,1
3.89,8,1.09,0.4,436,0.35,0.2,0.07,1.44,5,0.2,1,0,0.2,0,2,0.2,0.4,0,0.2,0,2.2,1906,0.4,0.5,0.3812,0
3.89,8,0,0.2,0,0.84,0.2,168,0.84,5,0.2,1,7,0.2,0.0014,2,0.2,0.4,0,0.2,0,2,1.5694,0.4,0.5,0.31388,0
3.89,13,1.95,0.4,0.78,9.01,0.4,3604,10.96,5,0.2,1,9,0.4,3.6,2,0.2,0.4,0,0.2,0,3,9384,0.4,0.5,1.8768,1
3.89,37,8.54,0.6,5124,31.63,0.6,18978,40.17,5,0.2,1,41.28,0.6,24768,2,0.2,0.4,1,0.4,0.4,4.2,50.67,0.8,0.5,20268,1
3.89,37,4.18,0.6,2508,4.83,0.2,966,9.01,5.5,0.4,2.2,14.03,0.6,8418,2,0.2,0.4,0,0.2,0,3.2,14492,0.4,0.5,2.8984,1
3.89,37,1.81,0.4,724,1.03,0.2,206,2.84,5,0.2,1,0,0.2,0,2,0.2,0.4,0,0.2,0,2.2,2.33,0.4,0.5,466,0
3.89,37,4.86,0.6,2916,46.78,0.6,28068,51.64,5.5,0.4,2.2,63.18,0.6,37908,2,0.2,0.4,0,0.2,0,4.4,71492,0.4,0.5,14.2984,1
3.89,24,6.26,0.6,3756,14.1,0.6,8.46,20.36,5,0.2,1,34.24,0.6,20544,2,0.2,0.4,1,0.4,0.4,4.2,34.56,0.8,0.5,13824,1
3.89,3,0.02,0.2,4,5.94,0.4,2376,5.96,5,0.2,1,0.01,0.2,2,2,0.2,0.4,0,0.2,0,2.6,3782,0.4,0.5,0.7564,0
3.89,3,5.31,0.6,3186,22.79,0.6,13674,28.1,5,0.2,1,205.19,0.6,123114,2,0.2,0.4,1,0.4,0.4,4.2,141774,0.8,0.5,56.7096,1
3.89,3,0.94,0.2,188,0.01,0.2,2,0.95,5,0.2,1,0.1,0.2,0.02,2,0.2,0.4,0,0.2,0,2,1.61,0.4,0.5,322,0
3.89,4,5.78,0.6,3468,57.92,0.6,34752,63.7,5,0.2,1,11.16,0.6,6696,2,0.2,0.4,0,0.2,0,4,46316,0.4,0.5,9.2632,1
3.89,4,7.42,0.6,4452,2.24,0.2,448,9.66,5,0.2,1,1.25,0.2,0.25,2,0.2,0.4,0,0.2,0,2.4,6.55,0.4,0.5,1.31,1
3.89,4,0,0.2,0,1.1,0.2,0.22,1.1,5,0.2,1,7,0.2,0.0014,2,0.2,0.4,0,0.2,0,2,1.6214,0.4,0.5,0.32428,0
3.89,14,6.85,0.6,4.11,31.76,0.6,19056,38.61,5,0.2,1,1.46,0.2,292,2,0.2,0.4,0,0.2,0,3.6,24858,0.4,0.5,4.9716,1
3.89,14,0,0.2,0,1.03,0.2,206,1.03,5,0.2,1,0,0.2,0,2,0.2,0.4,0,0.2,0,2,1606,0.4,0.5,0.3212,0
3.89,37,0,0.2,0,0.75,0.2,0.15,0.75,5,0.2,1,6.78,0.4,2712,2,0.2,0.4,0,0.2,0,2.2,4262,0.4,0.5,0.8524,0
3.89,37,2.4,0.6,1.44,16.63,0.6,9978,19.03,5,0.2,1,1.16,0.2,232,2,0.2,0.4,0,0.2,0,3.6,13.05,0.4,0.5,2.61,1
3.89,5,0,0.2,0,0.05,0.2,0.01,0.05,5,0.2,1,152.41,0.6,91446,2,0.2,0.4,0,0.2,0,2.4,92856,0.4,0.5,18.5712,1
3.89,5,0,0.2,0,1.76,0.2,352,1.76,5,0.2,1,1.08,0.2,216,2,0.2,0.4,0,0.2,0,2,1968,0.4,0.5,0.3936,0
3.89,5,0,0.2,0,2.97,0.2,594,2.97,5,0.2,1,2.84,0.2,568,2,0.2,0.4,0,0.2,0,2,2562,0.4,0.5,0.5124,0
3.89,5,0,0.2,0,0.43,0.2,86,0.43,5,0.2,1,0,0.2,0,2,0.2,0.4,0,0.2,0,2,1486,0.4,0.5,0.2972,0
3.89,5,0,0.2,0,0.94,0.2,188,0.94,5,0.2,1,0.9,0.2,0.18,2,0.2,0.4,0,0.2,0,2,1768,0.4,0.5,0.3536,0
3.89,20,9.01,0.6,5406,19.82,0.6,11892,28.83,5,0.2,1,9.67,0.4,3868,2,0.2,0.4,0,0.2,0,3.8,22566,0.4,0.5,4.5132,1
3.89,19,0,0.2,0,0.05,0.2,0.01,0.05,5,0.2,1,0,0.2,0,2,0.2,0.4,0,0.2,0,2,1.41,0.4,0.5,282,0
3.89,19,11.95,0.6,7.17,30.9,0.6,18.54,42.85,5,0.2,1,32.68,0.6,19608,2,0.2,0.4,0,0.2,0,4,46718,0.4,0.5,9.3436,1
3.89,19,7.97,0.6,4782,17.18,0.6,10308,25.15,5,0.2,1,935.03,0.6,561018,2,0.2,0.4,0,0.2,0,4,577508,0.4,0.5,115.5016,1
3.89,19,0,0.2,0,3.71,0.2,742,3.71,5,0.2,1,29.63,0.6,17778,2,0.2,0.4,0,0.2,0,2.4,19.92,0.4,0.5,3984,1
3.89,19,0.62,0.2,124,2.02,0.2,404,2.64,5,0.2,1,0.11,0.2,22,2,0.2,0.4,0,0.2,0,2,1.95,0.4,0.5,0.39,0
3.89,19,0,0.2,0,2.27,0.2,454,2.27,5,0.2,1,2.62,0.2,524,2,0.2,0.4,0,0.2,0,2,2378,0.4,0.5,0.4756,0
3.89,19,0,0.2,0,0,0.2,0,0,5,0.2,1,0,0.2,0,2,0.2,0.4,0,0.2,0,2,1.4,0.4,0.5,0.28,0
3.89,19,1.32,0.4,528,0,0.2,0,1.32,5,0.2,1,0.06,0.2,12,2,0.2,0.4,0,0.2,0,2.2,1.94,0.4,0.5,388,0
3.89,19,0,0.2,0,1.03,0.2,206,1.03,5,0.2,1,2.43,0.2,486,2,0.2,0.4,0,0.2,0,2,2092,0.4,0.5,0.4184,0
3.89,21,0,0.2,0,15.38,0.6,9228,15.38,5,0.2,1,126.13,0.6,75678,2,0.2,0.4,0,0.2,0,3.6,86306,0.4,0.5,17.2612,1
3.89,21,0,0.2,0,1.02,0.2,204,1.02,5,0.2,1,0,0.2,0,2,0.2,0.4,0,0.2,0,2,1604,0.4,0.5,0.3208,0
3.89,21,0,0.2,0,20.71,0.6,12426,20.71,5,0.2,1,20.79,0.6,12474,2,0.2,0.4,2,0.6,1.2,4,27.5,1.6,0.5,22,1
3.89,22,2.95,0.6,1.77,6.56,0.4,2624,9.51,5,0.2,1,156.92,0.6,94152,2,0.2,0.4,0,0.2,0,3.4,99946,0.4,0.5,19.9892,1
3.89,22,1.97,0.4,788,2.1,0.2,0.42,4.07,5,0.2,1,12.29,0.6,7374,2,0.6,1.2,0,0.2,0,3,10782,1.2,0.5,6.4692,1
3.89,22,0,0.2,0,18.05,0.6,10.83,18.05,5,0.2,1,2.29,0.2,458,2,0.2,0.4,0,0.2,0,3.2,12688,0.4,0.5,2.5376,1
3.89,22,0,0.2,0,0.93,0.2,186,0.93,5,0.2,1,7.78,0.4,3112,2,0.2,0.4,0,0.2,0,2.2,4698,0.4,0.5,0.9396,0
3.89,9,0,0.2,0,1.61,0.2,322,1.61,5,0.2,1,2.51,0.2,502,2,0.2,0.4,0,0.2,0,2,2224,0.4,0.5,0.4448,0
3.89,9,6.32,0.6,3792,9.01,0.4,3604,15.33,5,0.2,1,8.31,0.4,3324,2,0.2,0.4,0,0.2,0,3.2,12.12,0.4,0.5,2424,1
3.89,9,0,0.2,0,1.05,0.2,0.21,1.05,5,0.2,1,0.16,0.2,32,2,0.2,0.4,0,0.2,0,2,1642,0.4,0.5,0.3284,0
3.89,11,0,0.2,0,6.8,0.4,2.72,6.8,5,0.2,1,47.9,0.6,28.74,2,0.2,0.4,0,0.2,0,3,32.86,0.4,0.5,6572,1
3.89,11,14.04,0.6,8424,10.83,0.6,6498,24.87,5,0.2,1,8.91,0.4,3564,2,0.2,0.4,0,0.2,0,3.8,19886,0.4,0.5,3.9772,1
3.89,11,6.67,0.6,4002,18.02,0.6,10812,24.69,5.5,0.4,2.2,4.95,0.2,0.99,2,0.2,0.4,2,0.6,1.2,4.4,19604,1.6,0.5,15.6832,1
3.89,11,0,0.2,0,0,0.2,0,0,5,0.2,1,1.75,0.2,0.35,2,0.2,0.4,0,0.2,0,2,1.75,0.4,0.5,0.35,0
3.89,11,0,0.2,0,0.08,0.2,16,0.08,5,0.2,1,0.68,0.2,136,2,0.2,0.4,0,0.2,0,2,1552,0.4,0.5,0.3104,0
3.89,11,1.26,0.4,504,0.05,0.2,0.01,1.31,5,0.2,1,0,0.2,0,2,0.2,0.4,0,0.2,0,2.2,1914,0.4,0.5,0.3828,0
3.89,12,0,0.2,0,0.03,0.2,6,0.03,5,0.2,1,0.06,0.2,12,2,0.2,0.4,0,0.2,0,2,1418,0.4,0.5,0.2836,0
3.89,12,0,0.2,0,0.79,0.2,158,0.79,5,0.2,1,15.82,0.6,9492,2,0.2,0.4,0,0.2,0,2.4,11.05,0.4,0.5,2.21,1
3.89,12,4.76,0.6,2856,13.03,0.6,7818,17.79,5,0.2,1,0.58,0.2,116,2,0.2,0.4,1,0.4,0.4,3.8,12.59,0.8,0.5,5036,1
3.89,12,8.81,0.6,5286,9.02,0.4,3608,17.83,5,0.2,1,215.31,0.6,129186,2,0.2,0.4,1,0.4,0.4,3.6,139.88,0.8,0.5,55952,1
3.89,12,0,0.2,0,0.07,0.2,14,0.07,5,0.2,1,0,0.2,0,2,0.2,0.4,0,0.2,0,2,1414,0.4,0.5,0.2828,0
3.89,12,13.92,0.6,8352,2.2,0.2,0.44,16.12,5,0.2,1,0.05,0.2,0.01,2,0.2,0.4,0,0.2,0,2.4,10202,0.4,0.5,2.0404,1
3.89,12,1.07,0.4,428,0,0.2,0,1.07,5,0.2,1,0,0.2,0,2,0.2,0.4,0,0.2,0,2.2,1828,0.4,0.5,0.3656,0
3.89,12,0,0.2,0,0.89,0.2,178,0.89,5,0.2,1,0,0.2,0,2,0.2,0.4,0,0.2,0,2,1578,0.4,0.5,0.3156,0
3.89,8,0,0.2,0,3.98,0.2,796,3.98,6,0.6,3.6,53.34,0.6,32004,2,0.2,0.4,0,0.2,0,3.2,36.8,0.4,0.5,7.36,1
3.89,8,10,0.6,6,74.26,0.6,44556,84.26,5.5,0.4,2.2,11.16,0.6,6696,2,0.2,0.4,3,0.6,1.8,4.8,61652,2.2,0.5,67.8172,1
3.89,29,4.24,0.6,2544,8.06,0.4,3224,12.3,5,0.2,1,10.69,0.6,6414,2,0.2,0.4,0,0.2,0,3.4,13582,0.4,0.5,2.7164,1
3.89,29,12.27,0.6,7362,72.46,0.6,43476,84.73,5,0.2,1,5.69,0.4,2276,2,0.2,0.4,0,0.2,0,3.8,54514,0.4,0.5,10.9028,1
3.89,29,0,0.2,0,0.96,0.2,192,0.96,5,0.2,1,1.35,0.2,0.27,2,0.2,0.4,0,0.2,0,2,1862,0.4,0.5,0.3724,0
3.89,30,12.7,0.6,7.62,1.28,0.2,256,13.98,5,0.2,1,11.69,0.6,7014,2,0.2,0.4,0,0.2,0,2.8,16.29,0.4,0.5,3258,1
3.89,38,0,0.2,0,63.13,0.6,37878,63.13,5,0.2,1,14.6,0.6,8.76,2,0.2,0.4,1,0.4,0.4,3.8,48438,0.8,0.5,19.3752,1
3.89,31,1.99,0.4,796,10.24,0.6,6144,12.23,5,0.2,1,20.78,0.6,12468,2,0.2,0.4,0,0.2,0,3.8,20808,0.4,0.5,4.1616,1
3.89,2,0.05,0.2,0.01,0.21,0.2,42,0.26,5.5,0.4,2.2,102.22,0.6,61332,2,0.2,0.4,0,0.2,0,2.8,63984,0.4,0.5,12.7968,1
3.89,2,0,0.2,0,7.37,0.4,2948,7.37,5,0.2,1,0.74,0.2,148,2,0.2,0.4,0,0.2,0,2.6,4496,0.4,0.5,0.8992,0
3.89,2,0,0.2,0,3.72,0.2,744,3.72,5,0.2,1,0,0.2,0,2,0.2,0.4,9,0.6,5.4,2.4,7544,5.8,0.5,21.8776,1
3.89,2,71.48,0.6,42888,25.63,0.6,15378,97.11,5,0.2,1,873.37,0.6,524022,2,0.2,0.4,0,0.2,0,4,583688,0.4,0.5,116.7376,1
3.89,2,0,0.2,0,0,0.2,0,0,5,0.2,1,0,0.2,0,2,0.2,0.4,0,0.2,0,2,1.4,0.4,0.5,0.28,0
3.89,2,0.74,0.2,148,1,0.2,0.2,1.74,5,0.2,1,0,0.2,0,2,0.2,0.4,0,0.2,0,2,1748,0.4,0.5,0.3496,0
3.89,2,0,0.2,0,0.58,0.2,116,0.58,5,0.2,1,0,0.2,0,2,0.2,0.4,0,0.2,0,2,1516,0.4,0.5,0.3032,0
3.89,9,8.46,0.6,5076,72.76,0.6,43656,81.22,5,0.2,1,1.4,0.2,0.28,2,0.4,0.8,2,0.6,1.2,4.2,52012,2,0.5,52012,1
3.89,9,0.42,0.2,84,0.07,0.2,14,0.49,5,0.2,1,0.42,0.2,84,2,0.2,0.4,0,0.2,0,2,1582,0.4,0.5,0.3164,0
3.89,32,0.01,0.2,2,1.29,0.2,258,1.3,5.5,0.4,2.2,36.52,0.6,21912,4,0.2,0.8,0,0.2,0,3,25172,0.8,0.5,10.0688,1
3.89,32,6.85,0.6,4.11,65.93,0.6,39558,72.78,5.5,0.4,2.2,6.02,0.4,2408,4,0.2,0.8,0,0.2,0,4.4,49076,0.8,0.5,19.6304,1
3.89,32,5.37,0.6,3222,8.62,0.4,3448,13.99,5,0.2,1,17.16,0.6,10296,4,0.2,0.8,0,0.2,0,3.6,18766,0.8,0.5,7.5064,1
3.89,32,4.93,0.6,2958,6.54,0.4,2616,11.47,5.5,0.4,2.2,12.91,0.6,7746,4,0.2,0.8,0,0.2,0,4,16.32,0.8,0.5,6528,1
3.89,32,1.22,0.4,488,0.06,0.2,12,1.28,5,0.2,1,0,0.2,0,4,0.2,0.8,0,0.2,0,2.4,2.3,0.8,0.5,0.92,0
3.89,32,0,0.2,0,0.85,0.2,0.17,0.85,5,0.2,1,0,0.2,0,4,0.2,0.8,0,0.2,0,2.2,1.97,0.8,0.5,788,0
3.89,16,15.72,0.6,9432,57.94,0.6,34764,73.66,6,0.6,3.6,10.79,0.6,6474,6,0.2,1.2,0,0.2,0,5.2,55.47,1.2,0.5,33282,1
3.89,16,4.95,0.6,2.97,42.61,0.6,25566,47.56,5,0.2,1,3.46,0.2,692,6,0.2,1.2,1,0.4,0.4,4.2,31828,1.6,0.5,25.4624,1
3.89,16,0,0.2,0,0.08,0.2,16,0.08,5,0.2,1,0.06,0.2,12,6,0.2,1.2,0,0.2,0,2.4,2228,1.2,0.5,1.3368,1
3.89,16,1.19,0.4,476,12.88,0.6,7728,14.07,5,0.2,1,2.33,0.2,466,6,0.2,1.2,0,0.2,0,3.8,10.87,1.2,0.5,6522,1
3.89,16,0,0.2,0,2.72,0.2,544,2.72,5,0.2,1,5.58,0.4,2232,6,0.2,1.2,0,0.2,0,2.6,4976,1.2,0.5,2.9856,1
3.89,16,0,0.2,0,1.66,0.2,332,1.66,5,0.2,1,0.76,0.2,152,6,0.2,1.2,0,0.2,0,2.4,2684,1.2,0.5,1.6104,1
3.89,16,6.47,0.6,3882,12.18,0.6,7308,18.65,5,0.2,1,25.27,0.6,15162,6,0.2,1.2,0,0.2,0,4.4,28552,1.2,0.5,17.1312,1
3.89,16,1.33,0.4,532,0,0.2,0,1.33,5,0.2,1,0.2,0.2,0.04,6,0.2,1.2,0,0.2,0,2.6,2772,1.2,0.5,1.6632,1
3.89,16,0,0.2,0,1.1,0.2,0.22,1.1,5,0.2,1,0,0.2,0,6,0.2,1.2,0,0.2,0,2.4,2.42,1.2,0.5,1452,1
3.89,33,2.57,0.6,1542,4.49,0.2,898,7.06,5,0.2,1,7.56,0.4,3024,2,0.2,0.4,1,0.4,0.4,2.8,7264,0.8,0.5,2.9056,1
3.89,15,0,0.2,0,1.88,0.2,376,1.88,5,0.2,1,0,0.2,0,2,0.2,0.4,0,0.2,0,2,1776,0.4,0.5,0.3552,0
3.89,15,0.77,0.2,154,18.31,0.6,10986,19.08,5,0.2,1,67.03,0.6,40218,2,0.2,0.4,0,0.2,0,3.6,52758,0.4,0.5,10.5516,1
3.89,15,5.23,0.6,3138,5.89,0.4,2356,11.12,5,0.2,1,19.4,0.6,11.64,2,0.2,0.4,0,0.2,0,3.4,18534,0.4,0.5,3.7068,1
3.89,15,6.59,0.6,3954,23.66,0.6,14196,30.25,5,0.2,1,34.83,0.6,20898,2,0.2,0.4,1,0.4,0.4,4.2,40848,0.8,0.5,16.3392,1
3.89,15,7.18,0.6,4308,14.63,0.6,8778,21.81,5,0.2,1,98.75,0.6,59.25,2,0.2,0.4,0,0.2,0,4,73736,0.4,0.5,14.7472,1
3.89,15,1,0.4,0.4,0,0.2,0,1,5,0.2,1,0.36,0.2,72,2,0.2,0.4,0,0.2,0,2.2,1872,0.4,0.5,0.3744,0
3.89,13,0,0.2,0,0.06,0.2,12,0.06,5,0.2,1,0,0.2,0,2,0.2,0.4,0,0.2,0,2,1412,0.4,0.5,0.2824,0
3.89,13,2.63,0.6,1578,2.55,0.2,0.51,5.18,5,0.2,1,0,0.2,0,2,0.2,0.4,0,0.2,0,2.4,3488,0.4,0.5,0.6976,0
3.89,13,0,0.2,0,0.87,0.2,174,0.87,5,0.2,1,0,0.2,0,2,0.2,0.4,0,0.2,0,2,1574,0.4,0.5,0.3148,0
3.89,36,10.96,0.6,6576,41.47,0.6,24882,52.43,5,0.2,1,35.21,0.6,21126,2,0.2,0.4,1,0.4,0.4,4.2,54384,0.8,0.5,21.7536,1
3.89,6,0,0.2,0,0.23,0.2,46,0.23,5,0.2,1,0,0.2,0,2,0.2,0.4,0,0.2,0,2,1446,0.4,0.5,0.2892,0
3.41,34,4.25,0.6,2.55,45.51,0.6,27306,49.76,5.5,0.4,2.2,8.2,0.4,3.28,2,0.2,0.4,0,0.2,0,4.2,35736,0.4,0.5,7.1472,1
3.41,18,1.98,0.4,792,51.42,0.6,30852,53.4,5.5,0.4,2.2,20.33,0.6,12198,2,0.2,0.4,1,0.4,0.4,4.4,46842,0.8,0.5,18.7368,1
3.41,25,1.44,0.4,576,29.25,0.6,17.55,30.69,5,0.2,1,35.13,0.6,21078,2,0.2,0.4,0,0.2,0,3.8,40604,0.4,0.5,8.1208,1
3.41,39,1.52,0.4,608,37.33,0.6,22398,38.85,5.5,0.4,2.2,63.7,0.6,38.22,2,0.2,0.4,0,0.2,0,4.2,63826,0.4,0.5,12.7652,1
3.41,39,3.63,0.6,2178,10.85,0.4,4.34,14.48,5,0.2,1,0.28,0.2,56,2,0.2,0.4,0,0.2,0,3,7974,0.4,0.5,1.5948,1
3.41,2,1.35,0.4,0.54,66.35,0.6,39.81,67.7,5.5,0.4,2.2,27.13,0.6,16278,2,0.2,0.4,3,0.6,1.8,4.6,61028,2.2,0.5,67.1308,1
3.41,39,9.97,0.6,5982,88.73,0.6,53238,98.7,5,0.2,1,10.27,0.6,6162,2,0.2,0.4,0,0.2,0,4,66782,0.4,0.5,13.3564,1
3.41,27,1.41,0.4,564,36.16,0.6,21696,37.57,5,0.2,1,13.05,0.6,7.83,2,0.6,1.2,0,0.2,0,4.2,32.29,1.2,0.5,19374,1
3.41,8,1.98,0.4,792,67.91,0.6,40746,69.89,5.5,0.4,2.2,18.79,0.6,11274,2,0.2,0.4,1,0.4,0.4,4.4,55812,0.8,0.5,22.3248,1
3.41,11,10.08,0.6,6048,22.31,0.6,13386,32.39,5.5,0.4,2.2,16.82,0.6,10092,2,0.2,0.4,0,0.2,0,4.4,32126,0.4,0.5,6.4252,1
3.41,11,1.44,0.4,576,9.65,0.4,3.86,11.09,6.5,0.6,3.9,10.03,0.6,6018,2,0.2,0.4,0,0.2,0,4,14754,0.4,0.5,2.9508,1
3.41,12,25.4,0.6,15.24,51.74,0.6,31044,77.14,5,0.2,1,12.67,0.6,7602,6,0.2,1.2,2,0.6,1.2,4.8,57286,2.4,0.5,68.7432,1
3.41,12,3.21,0.6,1926,72.07,0.6,43242,75.28,5,0.2,1,13.79,0.6,8274,6,0.2,1.2,1,0.4,0.4,4.6,56042,1.6,0.5,44.8336,1
3.41,9,12.28,0.6,7368,20.62,0.6,12372,32.9,5,0.2,1,10.16,0.6,6096,2,0.2,0.4,1,0.4,0.4,4.2,27636,0.8,0.5,11.0544,1
3.41,9,6.93,0.6,4158,70.26,0.6,42156,77.19,5,0.2,1,9.73,0.4,3892,2,0.2,0.4,0,0.2,0,3.8,51606,0.4,0.5,10.3212,1
3.41,16,3.34,0.6,2004,37.59,0.6,22554,40.93,5,0.2,1,26.95,0.6,16.17,2,0.2,0.4,0,0.2,0,4,42128,0.4,0.5,8.4256,1
3.41,13,15.66,0.6,9396,74.53,0.6,44718,90.19,5,0.2,1,29.07,0.6,17442,2,0.2,0.4,0,0.2,0,4,72956,0.4,0.5,14.5912,1
3.41,13,2.92,0.6,1752,5.24,0.4,2096,8.16,5,0.2,1,9.76,0.4,3904,2,0.2,0.4,0,0.2,0,3.2,9152,0.4,0.5,1.8304,1
3.41,37,0.83,0.2,166,28.06,0.6,16836,28.89,5,0.2,1,13.31,0.6,7986,2,0.2,0.4,0,0.2,0,3.6,26388,0.4,0.5,5.2776,1
3.41,13,1.97,0.4,788,30.25,0.6,18.15,32.22,5,0.2,1,0.68,0.2,136,2,0.2,0.4,0,0.2,0,3.4,20474,0.4,0.5,4.0948,1
3.41,5,10,0.6,6,47.9,0.6,28.74,57.9,5,0.2,1,7.7,0.4,3.08,2,0.2,0.4,0,0.2,0,3.8,39.22,0.4,0.5,7844,1
3.41,35,13.06,0.6,7836,45.42,0.6,27252,58.48,5,0.2,1,10.4,0.6,6.24,2,0.2,0.4,0,0.2,0,4,42728,0.4,0.5,8.5456,1
3.41,38,1.35,0.4,0.54,33.25,0.6,19.95,34.6,5.5,0.4,2.2,20.62,0.6,12372,2,0.2,0.4,0,0.2,0,4.2,35462,0.4,0.5,7.0924,1
3.41,4,4.13,0.6,2478,16.74,0.6,10044,20.87,5,0.2,1,44.02,0.6,26412,2,0.2,0.4,0,0.2,0,4,40334,0.4,0.5,8.0668,1
3.41,31,12.62,0.6,7572,80.06,0.6,48036,92.68,5.5,0.4,2.2,43.53,0.6,26118,4,0.2,0.8,0,0.2,0,4.6,84726,0.8,0.5,33.8904,1
3.41,31,16.36,0.6,9816,41.1,0.6,24.66,57.46,5,0.2,1,12.03,0.6,7218,4,0.2,0.8,0,0.2,0,4.2,43494,0.8,0.5,17.3976,1
3.41,16,12.68,0.6,7608,41,0.6,24.6,53.68,5.5,0.4,2.2,11.88,0.6,7128,2,0.2,0.4,0,0.2,0,4.4,41936,0.4,0.5,8.3872,1
3.41,16,11.73,0.6,7038,85.87,0.6,51522,97.6,5,0.2,1,6.96,0.4,2784,2,0.2,0.4,1,0.4,0.4,4,63144,0.8,0.5,25.2576,1
3.41,22,5.15,0.6,3.09,44.67,0.6,26802,49.82,5.5,0.4,2.2,21.07,0.6,12642,2,0.2,0.4,0,0.2,0,4.4,45134,0.4,0.5,9.0268,1
3.41,7,6.61,0.6,3966,55.62,0.6,33372,62.23,5,0.2,1,57.16,0.6,34296,2,0.4,0.8,0,0.2,0,4.2,73434,0.8,0.5,29.3736,1
3.41,8,8.03,0.6,4818,94.43,0.6,56658,102.46,5.5,0.4,2.2,10.65,0.6,6.39,2,0.2,0.4,2,0.6,1.2,4.8,71666,1.6,0.5,57.3328,1
3.41,8,1.21,0.4,484,34.03,0.6,20418,35.24,5,0.2,1,5.36,0.4,2144,2,0.2,0.4,0,0.2,0,3.6,24446,0.4,0.5,4.8892,1
3.41,19,1.64,0.4,656,46.21,0.6,27726,47.85,5,0.2,1,2.45,0.2,0.49,2,0.2,0.4,0,0.2,0,3.4,30272,0.4,0.5,6.0544,1
3.41,19,1.21,0.4,484,43.84,0.6,26304,45.05,5.5,0.4,2.2,31.61,0.6,18966,2,0.2,0.4,0,0.2,0,4.2,48354,0.4,0.5,9.6708,1
3.41,29,1.1,0.4,0.44,87.71,0.6,52626,88.81,5.5,0.4,2.2,34.32,0.6,20592,2,0.2,0.4,0,0.2,0,4.2,76258,0.4,0.5,15.2516,1
3.41,29,4.17,0.6,2502,24.37,0.6,14622,28.54,5,0.2,1,4.24,0.2,848,2,0.2,0.4,0,0.2,0,3.6,19372,0.4,0.5,3.8744,1
3.41,20,1.08,0.4,432,32.71,0.6,19626,33.79,5,0.2,1,8.38,0.4,3352,2,0.2,0.4,0,0.2,0,3.6,24.81,0.4,0.5,4962,1
3.41,29,12.29,0.6,7374,25.74,0.6,15444,38.03,5,0.2,1,22.1,0.6,13.26,2,0.4,0.8,0,0.2,0,4.2,37878,0.8,0.5,15.1512,1
3.41,32,12.54,0.6,7524,31.62,0.6,18972,44.16,5,0.2,1,54.07,0.6,32442,2,0.2,0.4,0,0.2,0,4,60338,0.4,0.5,12.0676,1
3.41,9,17.26,0.6,10356,44.22,0.6,26532,61.48,5,0.2,1,27.68,0.6,16608,2,0.2,0.4,1,0.4,0.4,4.2,55296,0.8,0.5,22.1184,1
3.41,30,1.15,0.4,0.46,20.1,0.6,12.06,21.25,6,0.6,3.6,21.45,0.6,12.87,2,0.2,0.4,0,0.2,0,4.6,29.39,0.4,0.5,5878,1
3.41,15,20.04,0.6,12024,48.9,0.6,29.34,68.94,5,0.2,1,11.09,0.6,6654,2,0.2,0.4,0,0.2,0,4,49418,0.4,0.5,9.8836,1
3.41,15,12.17,0.6,7302,47,0.6,28.2,59.17,6,0.6,3.6,10.14,0.6,6084,2,0.2,0.4,0,0.2,0,4.8,45586,0.4,0.5,9.1172,1
3.41,40,10.37,0.6,6222,105.56,0.6,63336,115.93,9,0.6,5.4,52.13,0.6,31278,2,0.2,0.4,0,0.2,0,4.8,106636,0.4,0.5,21.3272,1
3.41,41,9.67,0.6,5802,62.25,0.6,37.35,71.92,5.5,0.4,2.2,17.02,0.6,10212,2,0.2,0.4,0,0.2,0,4.4,55964,0.4,0.5,11.1928,1
3.41,42,3.77,0.6,2262,40.86,0.6,24516,44.63,5,0.2,1,18,0.6,10.8,2,0.2,0.4,0,0.2,0,4,38978,0.4,0.5,7.7956,1
3.41,22,4.73,0.6,2838,60.22,0.6,36132,64.95,5,0.2,1,69.76,0.6,41856,2,0.2,0.4,0,0.2,0,4,82226,0.4,0.5,16.4452,1
3.41,11,6.31,0.6,3786,19.42,0.6,11652,25.73,5.5,0.4,2.2,13.88,0.6,8328,2,0.2,0.4,0,0.2,0,4.4,26366,0.4,0.5,5.2732,1
3.41,13,5.61,0.6,3366,1.56,0.2,312,7.17,5,0.2,1,4.03,0.2,806,2,0.2,0.4,0,0.2,0,2.4,5884,0.4,0.5,1.1768,1
3.41,37,5.22,0.6,3132,20.94,0.6,12564,26.16,5,0.2,1,2.44,0.2,488,2,0.2,0.4,0,0.2,0,3.6,17584,0.4,0.5,3.5168,1
3.41,19,0.31,0.2,62,58.12,0.6,34872,58.43,5,0.2,1,78.98,0.6,47388,2,0.4,0.8,0,0.2,0,3.8,84122,0.8,0.5,33.6488,1
3.41,15,2.86,0.6,1716,17.09,0.6,10254,19.95,5.5,0.4,2.2,6.88,0.4,2752,2,0.2,0.4,0,0.2,0,4.2,17322,0.4,0.5,3.4644,1
3.41,14,16.53,0.6,9918,72.99,0.6,43794,89.52,5,0.2,1,5.49,0.4,2196,2,0.2,0.4,1,0.4,0.4,4,57708,0.8,0.5,23.0832,1
3.41,22,2.7,0.6,1.62,45.16,0.6,27096,47.86,5,0.2,1,37.79,0.6,22674,2,0.2,0.4,0,0.2,0,4,52.79,0.4,0.5,10558,1
3.41,8,3.08,0.6,1848,60.78,0.6,36468,63.86,5,0.2,1,0.36,0.2,72,2,0.2,0.4,0,0.2,0,3.6,39788,0.4,0.5,7.9576,1
3.41,32,2,0.6,1.2,49.19,0.6,29514,51.19,5,0.2,1,60.88,0.6,36528,2,0.2,0.4,1,0.4,0.4,4.2,69042,0.8,0.5,27.6168,1
3.41,2,1.18,0.4,472,0,0.2,0,1.18,5.5,0.4,2.2,183.2,0.6,109.92,2,0.4,0.8,0,0.2,0,3.2,113392,0.8,0.5,45.3568,1
3.41,39,1.07,0.4,428,0,0.2,0,1.07,5,0.2,1,10.02,0.6,6012,2,0.2,0.4,0,0.2,0,2.6,7.84,0.4,0.5,1568,1
3.41,12,1.07,0.4,428,0,0.2,0,1.07,5,0.2,1,0,0.2,0,6,0.2,1.2,0,0.2,0,2.6,2628,1.2,0.5,1.5768,1
3.41,13,1.01,0.4,404,0,0.2,0,1.01,5,0.2,1,0,0.2,0,2,0.2,0.4,0,0.2,0,2.2,1804,0.4,0.5,0.3608,0
3.41,5,0.93,0.2,186,0,0.2,0,0.93,5,0.2,1,0,0.2,0,2,0.2,0.4,0,0.2,0,2,1586,0.4,0.5,0.3172,0
3.41,4,4.01,0.6,2406,0,0.2,0,4.01,5,0.2,1,0,0.2,0,2,0.2,0.4,0,0.2,0,2.4,3806,0.4,0.5,0.7612,0
3.41,32,0.77,0.2,154,0,0.2,0,0.77,5,0.2,1,0.32,0.2,64,2,0.2,0.4,0,0.2,0,2,1618,0.4,0.5,0.3236,0
3.41,16,1.05,0.4,0.42,0,0.2,0,1.05,5,0.2,1,0,0.2,0,2,0.2,0.4,0,0.2,0,2.2,1.82,0.4,0.5,364,0
3.41,15,1.01,0.4,404,0,0.2,0,1.01,5,0.2,1,0.28,0.2,56,2,0.2,0.4,0,0.2,0,2.2,1.86,0.4,0.5,372,0
3.41,19,0.91,0.2,182,0,0.2,0,0.91,5,0.2,1,0,0.2,0,2,0.2,0.4,0,0.2,0,2,1582,0.4,0.5,0.3164,0
3.41,8,1.12,0.4,448,0,0.2,0,1.12,5,0.2,1,0,0.2,0,2,0.2,0.4,0,0.2,0,2.2,1848,0.4,0.5,0.3696,0
3.41,9,0.8,0.2,0.16,0,0.2,0,0.8,5,0.2,1,0.18,0.2,36,2,0.2,0.4,0,0.2,0,2,1596,0.4,0.5,0.3192,0
3.41,22,0.65,0.2,0.13,0,0.2,0,0.65,5,0.2,1,0,0.2,0,2,0.2,0.4,0,0.2,0,2,1.53,0.4,0.5,306,0
3.41,29,0.63,0.2,126,0,0.2,0,0.63,5,0.2,1,0,0.2,0,2,0.2,0.4,0,0.2,0,2,1526,0.4,0.5,0.3052,0
3.41,6,0.43,0.2,86,0,0.2,0,0.43,5,0.2,1,0,0.2,0,2,0.2,0.4,0,0.2,0,2,1486,0.4,0.5,0.2972,0
3.41,11,1.21,0.4,484,0,0.2,0,1.21,5,0.2,1,0,0.2,0,2,0.2,0.4,0,0.2,0,2.2,1884,0.4,0.5,0.3768,0
3.41,31,0.17,0.2,34,0,0.2,0,0.17,5,0.2,1,0,0.2,0,2,0.2,0.4,0,0.2,0,2,1434,0.4,0.5,0.2868,0
3.41,18,0,0.2,0,0,0.2,0,0,5,0.2,1,0,0.2,0,4,0.2,0.8,0,0.2,0,2.2,1.8,0.8,0.5,0.72,0
3.41,14,0,0.2,0,0,0.2,0,0,5,0.2,1,0,0.2,0,2,0.2,0.4,0,0.2,0,2,1.4,0.4,0.5,0.28,0
3.41,36,0.07,0.2,14,0,0.2,0,0.07,5,0.2,1,0,0.2,0,2,0.2,0.4,0,0.2,0,2,1414,0.4,0.5,0.2828,0
2.72,18,5.11,0.6,3066,53.76,0.6,32256,58.87,6,0.6,3.6,48.56,0.6,29136,2,0.2,0.4,2,0.6,1.2,5.2,69658,1.6,0.5,55.7264,1
2.72,39,2.46,0.6,1476,6.72,0.4,2688,9.18,5,0.2,1,0,0.2,0,2,0.2,0.4,0,0.2,0,3,5564,0.4,0.5,1.1128,1
2.72,39,4.05,0.6,2.43,21.66,0.6,12996,25.71,5.5,0.4,2.2,18.45,0.6,11.07,2,0.2,0.4,0,0.2,0,4.4,29096,0.4,0.5,5.8192,1
2.72,39,2.81,0.6,1686,4.6,0.2,0.92,7.41,5,0.2,1,8.44,0.4,3376,2,0.2,0.4,0,0.2,0,2.6,7382,0.4,0.5,1.4764,1
2.72,25,4.43,0.6,2658,61.47,0.6,36882,65.9,5.5,0.4,2.2,39.65,0.6,23.79,2,0.2,0.4,0,0.2,0,4.4,65.93,0.4,0.5,13186,1
2.72,39,3.48,0.6,2088,17.85,0.6,10.71,21.33,5,0.2,1,9.53,0.4,3812,2,0.2,0.4,0,0.2,0,3.8,18.01,0.4,0.5,3602,1
2.72,8,3.62,0.6,2172,44.28,0.6,26568,47.9,5,0.2,1,44.67,0.6,26802,2,0.2,0.4,0,0.2,0,4,56942,0.4,0.5,11.3884,1
2.72,8,4.34,0.6,2604,24.13,0.6,14478,28.47,5,0.2,1,3.42,0.2,684,2,0.2,0.4,0,0.2,0,3.6,19166,0.4,0.5,3.8332,1
2.72,12,3.62,0.6,2172,8.37,0.4,3348,11.99,5,0.2,1,0,0.2,0,2,0.2,0.4,0,0.2,0,3,6.92,0.4,0.5,1384,1
2.72,11,3.11,0.6,1866,113.97,0.6,68382,117.08,5.5,0.4,2.2,26.64,0.6,15984,2,0.2,0.4,0,0.2,0,4.4,88832,0.4,0.5,17.7664,1
2.72,9,1.65,0.4,0.66,20.86,0.6,12516,22.51,5,0.2,1,16.91,0.6,10146,2,0.2,0.4,0,0.2,0,3.8,24722,0.4,0.5,4.9444,1
2.72,12,3.43,0.6,2058,1.53,0.2,306,4.96,5,0.2,1,0,0.2,0,2,0.2,0.4,0,0.2,0,2.4,3764,0.4,0.5,0.7528,0
2.72,9,3.84,0.6,2304,98.67,0.6,59202,102.51,5,0.2,1,12.9,0.6,7.74,2,0.2,0.4,0,0.2,0,4,70646,0.4,0.5,14.1292,1
2.72,12,7.42,0.6,4452,115.87,0.6,69522,123.29,6,0.6,3.6,6.79,0.4,2716,2,0.2,0.4,1,0.4,0.4,4.8,81.09,0.8,0.5,32436,1
2.72,12,7.07,0.6,4242,35.48,0.6,21288,42.55,5,0.2,1,8.76,0.4,3504,2,0.2,0.4,0,0.2,0,3.8,30434,0.4,0.5,6.0868,1
2.72,2,3.26,0.6,1956,5.55,0.4,2.22,8.81,5,0.2,1,0.21,0.2,42,6,0.2,1.2,0,0.2,0,3.4,6418,1.2,0.5,3.8508,1
2.72,13,3.84,0.6,2304,144.39,0.6,86634,148.23,5,0.2,1,19.68,0.6,11808,2,0.4,0.8,1,0.4,0.4,4.4,102946,1.2,0.5,61.7676,1
2.72,13,5.5,0.6,3.3,93.26,0.6,55956,98.76,5,0.2,1,14.27,0.6,8562,2,0.2,0.4,0,0.2,0,4,69218,0.4,0.5,13.8436,1
2.72,5,1.9,0.4,0.76,35.04,0.6,21024,36.94,6.5,0.6,3.9,16.19,0.6,9714,2,0.2,0.4,0,0.2,0,4.6,35798,0.4,0.5,7.1596,1
2.72,5,3.5,0.6,2.1,16.09,0.6,9654,19.59,5,0.2,1,5.03,0.4,2012,2,0.2,0.4,0,0.2,0,3.8,15166,0.4,0.5,3.0332,1
2.72,5,1.46,0.4,584,0.75,0.2,0.15,2.21,5,0.2,1,0.11,0.2,22,2,0.2,0.4,0,0.2,0,2.2,2156,0.4,0.5,0.4312,0
2.72,38,4.6,0.6,2.76,54.99,0.6,32994,59.59,5,0.2,1,14.1,0.6,8.46,2,0.2,0.4,0,0.2,0,4,45614,0.4,0.5,9.1228,1
2.72,5,7.43,0.6,4458,79.5,0.6,47.7,86.93,5,0.2,1,102.39,0.6,61434,2,0.2,0.4,0,0.2,0,4,114992,0.4,0.5,22.9984,1
2.72,11,3.51,0.6,2106,52.89,0.6,31734,56.4,5,0.2,1,4.26,0.2,852,2,0.2,0.4,0,0.2,0,3.6,36092,0.4,0.5,7.2184,1
2.72,4,5.65,0.6,3.39,67.16,0.6,40296,72.81,6,0.6,3.6,27.23,0.6,16338,2,0.2,0.4,0,0.2,0,4.8,64024,0.4,0.5,12.8048,1
2.72,4,1.33,0.4,532,0.35,0.2,0.07,1.68,5,0.2,1,0,0.2,0,2,0.2,0.4,0,0.2,0,2.2,2002,0.4,0.5,0.4004,0
2.72,31,5.45,0.6,3.27,71.09,0.6,42654,76.54,5.5,0.4,2.2,59.18,0.6,35508,2,0.2,0.4,0,0.2,0,4.4,84032,0.4,0.5,16.8064,1
2.72,4,1.73,0.4,692,5.64,0.4,2256,7.37,5,0.2,1,13.35,0.6,8.01,2,0.2,0.4,0,0.2,0,3.2,12358,0.4,0.5,2.4716,1
2.72,16,6.02,0.6,3612,135.69,0.6,81414,141.71,6,0.6,3.6,89.64,0.6,53784,4,0.2,0.8,0,0.2,0,5,143.21,0.8,0.5,57284,1
2.72,22,3.22,0.6,1932,55.64,0.6,33384,58.86,5,0.2,1,80.8,0.6,48.48,2,0.4,0.8,0,0.2,0,4.2,85596,0.8,0.5,34.2384,1
2.72,16,2.41,0.6,1446,5.28,0.4,2112,7.69,5,0.2,1,8.95,0.4,3.58,4,0.2,0.8,0,0.2,0,3.4,8938,0.8,0.5,3.5752,1
2.72,16,2.84,0.6,1704,64.91,0.6,38946,67.75,5.5,0.4,2.2,124.59,0.6,74754,4,0.2,0.8,0,0.2,0,4.6,118404,0.8,0.5,47.3616,1
2.72,16,1.75,0.4,0.7,0.57,0.2,114,2.32,5,0.2,1,0,0.2,0,4,0.2,0.8,0,0.2,0,2.4,2614,0.8,0.5,1.0456,1
2.72,16,2.18,0.6,1308,30.81,0.6,18486,32.99,5,0.2,1,5.8,0.4,2.32,4,0.2,0.8,0,0.2,0,4,23914,0.8,0.5,9.5656,1
2.72,16,3.26,0.6,1956,2.81,0.2,562,6.07,6,0.6,3.6,21.6,0.6,12.96,4,0.2,0.8,0,0.2,0,3.8,19878,0.8,0.5,7.9512,1
2.72,40,4.43,0.6,2658,51.32,0.6,30792,55.75,5.5,0.4,2.2,145.97,0.6,87582,2,0.2,0.4,0,0.2,0,4.4,123632,0.4,0.5,24.7264,1
2.72,8,5.61,0.6,3366,99.33,0.6,59598,104.94,6.5,0.6,3.9,76.47,0.6,45882,2,0.2,0.4,0,0.2,0,4.8,113146,0.4,0.5,22.6292,1
2.72,19,3.9,0.6,2.34,27.92,0.6,16752,31.82,5,0.2,1,47.6,0.6,28.56,2,0.2,0.4,0,0.2,0,4,49052,0.4,0.5,9.8104,1
2.72,19,2.19,0.6,1314,0.68,0.2,136,2.87,5,0.2,1,28.4,0.6,17.04,2,0.2,0.4,0,0.2,0,2.8,19.89,0.4,0.5,3978,1
2.72,19,1.56,0.4,624,14.64,0.4,5856,16.2,5,0.2,1,25.97,0.6,15582,2,0.2,0.4,0,0.2,0,3.2,23462,0.4,0.5,4.6924,1
2.72,14,4.53,0.6,2718,87.93,0.6,52758,92.46,5,0.2,1,85.81,0.6,51486,2,0.2,0.4,0,0.2,0,4,108362,0.4,0.5,21.6724,1
2.72,20,4.97,0.6,2982,42.19,0.6,25314,47.16,5.5,0.4,2.2,45.37,0.6,27222,2,0.2,0.4,0,0.2,0,4.4,58118,0.4,0.5,11.6236,1
2.72,19,2.13,0.6,1278,0.59,0.2,118,2.72,5,0.2,1,0.76,0.2,152,2,0.2,0.4,0,0.2,0,2.4,2948,0.4,0.5,0.5896,0
2.72,19,3.66,0.6,2196,15.47,0.6,9282,19.13,5,0.2,1,1.43,0.2,286,2,0.2,0.4,0,0.2,0,3.6,13164,0.4,0.5,2.6328,1
2.72,19,1.64,0.4,656,0.19,0.2,38,1.83,5,0.2,1,1.59,0.2,318,2,0.2,0.4,0,0.2,0,2.2,2412,0.4,0.5,0.4824,0
2.72,29,4.9,0.6,2.94,98.71,0.6,59226,103.61,5.5,0.4,2.2,82.99,0.6,49794,2,0.2,0.4,1,0.4,0.4,4.6,114.96,0.8,0.5,45984,1
2.72,32,5.68,0.6,3408,67.38,0.6,40428,73.06,5,0.2,1,86.7,0.6,52.02,2,0.2,0.4,1,0.4,0.4,4.2,97656,0.8,0.5,39.0624,1
2.72,9,3.99,0.6,2394,92.05,0.6,55.23,96.04,5,0.2,1,15.14,0.6,9084,2,0.2,0.4,1,0.4,0.4,4.2,68508,0.8,0.5,27.4032,1
2.72,30,3.47,0.6,2082,47.07,0.6,28242,50.54,5,0.2,1,31.38,0.6,18828,2,0.2,0.4,0,0.2,0,4,50552,0.4,0.5,10.1104,1
2.72,15,2.68,0.6,1608,38.32,0.6,22992,41,5,0.2,1,7.17,0.4,2868,2,0.2,0.4,0,0.2,0,3.8,28868,0.4,0.5,5.7736,1
2.72,15,2.13,0.6,1278,42.64,0.6,25584,44.77,5,0.2,1,18.24,0.6,10944,2,0.2,0.4,0,0.2,0,4,39206,0.4,0.5,7.8412,1
2.72,2,4.28,0.6,2568,1264.63,0.6,758778,1268.91,5.5,0.4,2.2,58.86,0.6,35316,6,0.2,1.2,2,0.6,1.2,5.2,801262,2.4,0.5,961.5144,1
2.72,1,4.36,0.6,2616,33.91,0.6,20346,38.27,5.5,0.4,2.2,6.06,0.4,2424,6,0.4,2.4,0,0.2,0,4.8,29986,2.4,0.5,35.9832,1
2.72,2,2.23,0.6,1338,4.54,0.2,908,6.77,5,0.2,1,22.8,0.6,13.68,6,0.2,1.2,0,0.2,0,3.2,18126,1.2,0.5,10.8756,1
2.72,12,2,0.6,1.2,0.32,0.2,64,2.32,5,0.2,1,5.37,0.4,2148,2,0.2,0.4,0,0.2,0,2.6,4812,0.4,0.5,0.9624,0
2.72,7,3.04,0.6,1824,67.37,0.6,40422,70.41,6.5,0.6,3.9,77.47,0.6,46482,2,0.2,0.4,0,0.2,0,4.8,93028,0.4,0.5,18.6056,1
2.72,22,1.19,0.4,476,122.07,0.6,73242,123.26,5,0.2,1,15.2,0.6,9.12,2,0.2,0.4,0,0.2,0,3.8,84238,0.4,0.5,16.8476,1
2.72,1,1.35,0.4,0.54,0,0.2,0,1.35,6,0.6,3.6,680.14,0.6,408084,2,0.2,0.4,0,0.2,0,3.4,412624,0.4,0.5,82.5248,1
2.72,1,1.14,0.4,456,0,0.2,0,1.14,5,0.2,1,0.71,0.2,142,2,0.2,0.4,0,0.2,0,2.2,1998,0.4,0.5,0.3996,0
2.72,6,1.51,0.4,604,0,0.2,0,1.51,5,0.2,1,0,0.2,0,2,0.2,0.4,0,0.2,0,2.2,2004,0.4,0.5,0.4008,0
2.72,8,1.13,0.4,452,0,0.2,0,1.13,5,0.2,1,0,0.2,0,2,0.2,0.4,0,0.2,0,2.2,1852,0.4,0.5,0.3704,0
2.72,5,1.5,0.4,0.6,0,0.2,0,1.5,5,0.2,1,1.44,0.2,288,2,0.2,0.4,0,0.2,0,2.2,2288,0.4,0.5,0.4576,0
2.72,9,0.96,0.2,192,0,0.2,0,0.96,5,0.2,1,0,0.2,0,2,0.2,0.4,0,0.2,0,2,1592,0.4,0.5,0.3184,0
2.72,12,1.6,0.4,0.64,0,0.2,0,1.6,5,0.2,1,0,0.2,0,2,0.2,0.4,0,0.2,0,2.2,2.04,0.4,0.5,408,0
2.72,16,1.34,0.4,536,0,0.2,0,1.34,5,0.2,1,0,0.2,0,4,0.2,0.8,0,0.2,0,2.4,2336,0.8,0.5,0.9344,0
2.72,19,1.6,0.4,0.64,0,0.2,0,1.6,5,0.2,1,0.06,0.2,12,2,0.2,0.4,0,0.2,0,2.2,2052,0.4,0.5,0.4104,0
2.72,11,1.13,0.4,452,0,0.2,0,1.13,5,0.2,1,0.02,0.2,4,2,0.2,0.4,0,0.2,0,2.2,1856,0.4,0.5,0.3712,0
2.72,4,0,0.2,0,0,0.2,0,0,5,0.2,1,0,0.2,0,2,0.2,0.4,0,0.2,0,2,1.4,0.4,0.5,0.28,0
2.72,9,0,0.2,0,0,0.2,0,0,5,0.2,1,0,0.2,0,2,0.2,0.4,0,0.2,0,2,1.4,0.4,0.5,0.28,0
2.72,12,0.77,0.2,154,0,0.2,0,0.77,5,0.2,1,4.6,0.2,0.92,2,0.2,0.4,0,0.2,0,2,2474,0.4,0.5,0.4948,0
2.72,12,1.05,0.4,0.42,0,0.2,0,1.05,5,0.2,1,0,0.2,0,2,0.2,0.4,0,0.2,0,2.2,1.82,0.4,0.5,364,0
2.72,19,0,0.2,0,0,0.2,0,0,5,0.2,1,0,0.2,0,2,0.2,0.4,0,0.2,0,2,1.4,0.4,0.5,0.28,0
2.72,22,0,0.2,0,0,0.2,0,0,5,0.2,1,30.85,0.6,18.51,2,0.2,0.4,0,0.2,0,2.4,19.91,0.4,0.5,3982,1
2.72,16,0,0.2,0,0,0.2,0,0,5,0.2,1,0,0.2,0,4,0.2,0.8,0,0.2,0,2.2,1.8,0.8,0.5,0.72,0
2.72,15,0,0.2,0,0,0.2,0,0,5,0.2,1,0,0.2,0,2,0.2,0.4,0,0.2,0,2,1.4,0.4,0.5,0.28,0
2.72,15,0,0.2,0,0,0.2,0,0,5,0.2,1,0,0.2,0,2,0.2,0.4,0,0.2,0,2,1.4,0.4,0.5,0.28,0
2.72,32,0.84,0.2,168,0,0.2,0,0.84,5,0.2,1,8.21,0.4,3284,2,0.2,0.4,0,0.2,0,2.2,4852,0.4,0.5,0.9704,0
2.72,13,0,0.2,0,0,0.2,0,0,5,0.2,1,0,0.2,0,2,0.2,0.4,0,0.2,0,2,1.4,0.4,0.5,0.28,0
2.72,19,0.85,0.2,0.17,0,0.2,0,0.85,5,0.2,1,0,0.2,0,2,0.2,0.4,0,0.2,0,2,1.57,0.4,0.5,314,0
2.72,5,0,0.2,0,0.28,0.2,56,0.28,5,0.2,1,0,0.2,0,2,0.2,0.4,0,0.2,0,2,1456,0.4,0.5,0.2912,0
2.72,6,0.61,0.2,122,0.07,0.2,14,0.68,5,0.2,1,0,0.2,0,2,0.2,0.4,0,0.2,0,2,1536,0.4,0.5,0.3072,0
2.72,8,0,0.2,0,0.62,0.2,124,0.62,5,0.2,1,0,0.2,0,2,0.2,0.4,0,0.2,0,2,1524,0.4,0.5,0.3048,0
2.37,18,3.43,0.6,2058,1,0.4,0.4,4.43,5.5,0.4,2.2,49.31,0.6,29586,2,0.4,0.8,1,0.4,0.4,4.2,35444,1.2,0.5,21.2664,1
2.37,11,1.63,0.4,652,5.86,0.6,3516,7.49,5,0.2,1,3.69,0.2,738,2,0.2,0.4,0,0.2,0,3.4,6306,0.4,0.5,1.2612,1
2.37,1,3.75,0.6,2.25,1.25,0.4,0.5,5,6,0.6,3.6,11.25,0.6,6.75,6,0.2,1.2,0,0.2,0,4.6,14.3,1.2,0.5,8.58,1
2.37,8,2.29,0.6,1374,2.64,0.6,1584,4.93,5,0.2,1,3.08,0.2,616,2,0.2,0.4,0,0.2,0,3.6,4974,0.4,0.5,0.9948,0
2.37,6,2.51,0.6,1506,8.59,0.6,5154,11.1,5.5,0.4,2.2,16.03,0.6,9618,2,0.2,0.4,5,0.6,3,4.8,21878,3.4,0.5,37.1926,1
2.37,16,2.21,0.6,1326,5.21,0.6,3126,7.42,5,0.2,1,3.43,0.2,686,2,0.2,0.4,0,0.2,0,3.6,6538,0.4,0.5,1.3076,1
2.37,12,2.22,0.6,1332,6.23,0.6,3738,8.45,5,0.2,1,0.89,0.2,178,2,0.2,0.4,0,0.2,0,3.6,6648,0.4,0.5,1.3296,1
2.37,9,1.67,0.4,668,0.39,0.2,78,2.06,5,0.2,1,1.43,0.2,286,2,0.2,0.4,0,0.2,0,2.2,2432,0.4,0.5,0.4864,0
2.37,13,2.59,0.6,1554,0.66,0.2,132,3.25,5,0.2,1,1.28,0.2,256,2,0.2,0.4,0,0.2,0,2.4,3342,0.4,0.5,0.6684,0
2.37,22,2.39,0.6,1434,7.72,0.6,4632,10.11,5,0.2,1,5.42,0.4,2168,2,0.2,0.4,1,0.4,0.4,4,10034,0.8,0.5,4.0136,1
2.37,32,3.42,0.6,2052,10.55,0.6,6.33,13.97,5,0.2,1,6.96,0.4,2784,2,0.2,0.4,0,0.2,0,3.8,12566,0.4,0.5,2.5132,1
2.37,27,3.61,0.6,2166,2.13,0.6,1278,5.74,5,0.2,1,5.41,0.4,2164,2,0.4,0.8,2,0.6,1.2,4.4,8608,2,0.5,8608,1
2.37,4,1.86,0.4,744,4.51,0.6,2706,6.37,5,0.2,1,7.27,0.4,2908,2,0.2,0.4,0,0.2,0,3.6,7758,0.4,0.5,1.5516,1
2.37,19,1.9,0.4,0.76,7.97,0.6,4782,9.87,5,0.2,1,8.6,0.4,3.44,2,0.2,0.4,1,0.4,0.4,3.8,10782,0.8,0.5,4.3128,1
2.37,14,3.29,0.6,1974,6.41,0.6,3846,9.7,5,0.2,1,3.66,0.2,732,2,0.2,0.4,0,0.2,0,3.6,7952,0.4,0.5,1.5904,1
2.37,15,2.6,0.6,1.56,1.14,0.4,456,3.74,5,0.2,1,8.76,0.4,3504,2,0.2,0.4,1,0.4,0.4,3.4,7.32,0.8,0.5,2928,1
2.37,8,3.81,0.6,2286,11.52,0.6,6912,15.33,5,0.2,1,3.25,0.2,0.65,4,0.2,0.8,0,0.2,0,3.8,11648,0.8,0.5,4.6592,1
2.37,9,2.1,0.6,1.26,5.06,0.6,3036,7.16,5,0.2,1,5.41,0.4,2164,2,0.2,0.4,0,0.2,0,3.8,7.86,0.4,0.5,1572,1
2.37,5,2.22,0.6,1332,3.4,0.6,2.04,5.62,5,0.2,1,26.28,0.6,15768,2,0.2,0.4,1,0.4,0.4,4.2,20.94,0.8,0.5,8376,1
2.37,31,0.96,0.2,192,0.12,0.2,24,1.08,5,0.2,1,0.22,0.2,44,2,0.2,0.4,0,0.2,0,2,1.66,0.4,0.5,332,0
2.37,38,0.81,0.2,162,4.6,0.6,2.76,5.41,5,0.2,1,1.82,0.2,364,2,0.2,0.4,0,0.2,0,3.2,4686,0.4,0.5,0.9372,0
2.37,8,1.25,0.4,0.5,0.02,0.2,4,1.27,5,0.2,1,0.82,0.2,164,2,0.2,0.4,0,0.2,0,2.2,2068,0.4,0.5,0.4136,0
2.37,12,1.65,0.4,0.66,0.02,0.2,4,1.67,5,0.2,1,27.99,0.6,16794,2,0.2,0.4,0,0.2,0,2.6,18858,0.4,0.5,3.7716,1
2.37,18,1.65,0.4,0.66,0.02,0.2,4,1.67,5,0.2,1,2.47,0.2,494,2,0.2,0.4,0,0.2,0,2.2,2558,0.4,0.5,0.5116,0
2.37,19,2.13,0.6,1278,0.11,0.2,22,2.24,5,0.2,1,7.54,0.4,3016,2,0.2,0.4,0,0.2,0,2.6,5716,0.4,0.5,1.1432,1
2.37,28,0.44,0.2,88,0.02,0.2,4,0.46,5,0.2,1,27.1,0.6,16.26,6,0.2,1.2,0,0.2,0,2.8,18552,1.2,0.5,11.1312,1
2.37,28,1.31,0.4,524,0.12,0.2,24,1.43,5.5,0.4,2.2,0,0.2,0,6,0.2,1.2,0,0.2,0,3,3948,1.2,0.5,2.3688,1
2.37,12,0.39,0.2,78,0.14,0.2,28,0.53,5,0.2,1,0.58,0.2,116,2,0.2,0.4,0,0.2,0,2,1622,0.4,0.5,0.3244,0
2.37,19,1,0.4,0.4,1.1,0.4,0.44,2.1,5,0.2,1,0,0.2,0,2,0.2,0.4,0,0.2,0,2.8,2.24,0.4,0.5,448,0
2.37,12,0.42,0.2,84,0.27,0.2,54,0.69,5,0.2,1,0,0.2,0,2,0.2,0.4,0,0.2,0,2,1538,0.4,0.5,0.3076,0
2.37,6,1.07,0.4,428,0.59,0.2,118,1.66,5,0.2,1,0,0.2,0,2,0.2,0.4,0,0.2,0,2.2,1946,0.4,0.5,0.3892,0
2.37,28,1.29,0.4,516,0.25,0.2,0.05,1.54,5,0.2,1,0,0.2,0,2,0.2,0.4,0,0.2,0,2.2,1966,0.4,0.5,0.3932,0
2.37,5,0.02,0.2,4,0.87,0.2,174,0.89,5,0.2,1,0.04,0.2,8,2,0.2,0.4,0,0.2,0,2,1586,0.4,0.5,0.3172,0
2.37,6,1.46,0.4,584,0.55,0.2,0.11,2.01,5,0.2,1,0.67,0.2,134,2,0.2,0.4,0,0.2,0,2.2,2228,0.4,0.5,0.4456,0
2.37,19,0.84,0.2,168,0.06,0.2,12,0.9,5,0.2,1,0.72,0.2,144,2,0.2,0.4,0,0.2,0,2,1724,0.4,0.5,0.3448,0
2.37,8,0.66,0.2,132,1.37,0.4,548,2.03,5,0.2,1,0.84,0.2,168,4,0.2,0.8,0,0.2,0,2.8,2648,0.8,0.5,1.0592,1
2.37,8,0.53,0.2,106,5.4,0.6,3.24,5.93,5,0.2,1,0.72,0.2,144,2,0.2,0.4,0,0.2,0,3.2,4.89,0.4,0.5,978,0
2.37,6,0.39,0.2,78,0.47,0.2,94,0.86,5,0.2,1,0,0.2,0,2,0.2,0.4,0,0.2,0,2,1572,0.4,0.5,0.3144,0
2.37,19,0.51,0.2,102,0.47,0.2,94,0.98,5,0.2,1,0,0.2,0,2,0.2,0.4,0,0.2,0,2,1596,0.4,0.5,0.3192,0
2.37,12,0.47,0.2,94,0.29,0.2,58,0.76,5,0.2,1,0.07,0.2,14,2,0.2,0.4,0,0.2,0,2,1566,0.4,0.5,0.3132,0
2.37,35,3.35,0.6,2.01,0.99,0.2,198,4.34,5,0.2,1,0.12,0.2,24,2,0.2,0.4,0,0.2,0,2.4,3632,0.4,0.5,0.7264,0
2.37,28,0.32,0.2,64,0.49,0.2,98,0.81,5,0.2,1,6.73,0.4,2692,6,0.2,1.2,0,0.2,0,2.6,5054,1.2,0.5,3.0324,1
2.37,28,0.51,0.2,102,0,0.2,0,0.51,5,0.2,1,0,0.2,0,6,0.2,1.2,0,0.2,0,2.4,2302,1.2,0.5,1.3812,1
2.37,4,0,0.2,0,0,0.2,0,0,5,0.2,1,0.05,0.2,0.01,2,0.2,0.4,0,0.2,0,2,1.41,0.4,0.5,282,0
2.37,9,0.31,0.2,62,0.69,0.2,138,1,5,0.2,1,0,0.2,0,2,0.2,0.4,0,0.2,0,2,1.6,0.4,0.5,0.32,0
2.37,32,0.61,0.2,122,1.54,0.4,616,2.15,5,0.2,1,0.57,0.2,114,2,0.2,0.4,0,0.2,0,2.6,2252,0.4,0.5,0.4504,0
2.37,5,0.26,0.2,52,0.17,0.2,34,0.43,5,0.2,1,0,0.2,0,2,0.2,0.4,0,0.2,0,2,1486,0.4,0.5,0.2972,0
2.37,2,0.73,0.2,146,0.05,0.2,0.01,0.78,5,0.2,1,6.14,0.4,2456,6,0.2,1.2,0,0.2,0,2.6,4812,1.2,0.5,2.8872,1
2.37,2,0,0.2,0,0,0.2,0,0,5,0.2,1,0,0.2,0,6,0.2,1.2,0,0.2,0,2.4,2.2,1.2,0.5,1.32,1
2.37,16,1.27,0.4,508,1.01,0.4,404,2.28,5,0.2,1,1.15,0.2,0.23,2,0.2,0.4,0,0.2,0,2.8,2542,0.4,0.5,0.5084,0
2.37,19,1.62,0.4,648,0.49,0.2,98,2.11,5,0.2,1,0,0.2,0,2,0.2,0.4,0,0.2,0,2.2,2146,0.4,0.5,0.4292,0
2.37,5,1.54,0.4,616,0.46,0.2,92,2,5,0.2,1,0.57,0.2,114,2,0.2,0.4,0,0.2,0,2.2,2222,0.4,0.5,0.4444,0
2.37,2,2.18,0.6,1308,0.93,0.2,186,3.11,5,0.2,1,0,0.2,0,6,0.2,1.2,0,0.2,0,2.8,3694,1.2,0.5,2.2164,1
2.37,2,7.59,0.6,4554,1.47,0.4,588,9.06,5.5,0.4,2.2,36.29,0.6,21774,6,0.2,1.2,0,0.2,0,4.2,30316,1.2,0.5,18.1896,1
2.37,2,0.76,0.2,152,0.34,0.2,68,1.1,5,0.2,1,0,0.2,0,6,0.2,1.2,0,0.2,0,2.4,2.42,1.2,0.5,1452,1
2.37,16,0.38,0.2,76,0.85,0.2,0.17,1.23,5,0.2,1,0.04,0.2,8,2,0.2,0.4,0,0.2,0,2,1654,0.4,0.5,0.3308,0
2.37,5,1.29,0.4,516,0.13,0.2,26,1.42,5,0.2,1,0,0.2,0,2,0.2,0.4,0,0.2,0,2.2,1942,0.4,0.5,0.3884,0
2.37,19,1.99,0.4,796,0.63,0.2,126,2.62,5,0.2,1,0,0.2,0,2,0.2,0.4,0,0.2,0,2.2,2322,0.4,0.5,0.4644,0
2.37,31,0,0.2,0,0,0.2,0,0,5,0.2,1,0,0.2,0,2,0.2,0.4,0,0.2,0,2,1.4,0.4,0.5,0.28,0
2.37,4,0.02,0.2,4,0.05,0.2,0.01,0.07,5,0.2,1,0,0.2,0,2,0.2,0.4,0,0.2,0,2,1414,0.4,0.5,0.2828,0
2.37,5,0.14,0.2,28,0.08,0.2,16,0.22,5,0.2,1,0,0.2,0,2,0.2,0.4,0,0.2,0,2,1444,0.4,0.5,0.2888,0
2.37,18,0.09,0.2,18,0,0.2,0,0.09,5,0.2,1,0,0.2,0,2,0.2,0.4,0,0.2,0,2,1418,0.4,0.5,0.2836,0
2.37,9,0,0.2,0,0,0.2,0,0,5,0.2,1,0,0.2,0,2,0.2,0.4,0,0.2,0,2,1.4,0.4,0.5,0.28,0
2.37,32,0,0.2,0,0,0.2,0,0,5,0.2,1,0,0.2,0,2,0.2,0.4,0,0.2,0,2,1.4,0.4,0.5,0.28,0
2.37,16,0.01,0.2,2,7,0.2,0.0014,17,5,0.2,1,0,0.2,0,2,0.2,0.4,0,0.2,0,2,1.4034,0.4,0.5,0.28068,0
2.37,16,0.17,0.2,34,0.04,0.2,8,0.21,5,0.2,1,0,0.2,0,2,0.2,0.4,0,0.2,0,2,1442,0.4,0.5,0.2884,0
2.37,2,1.66,0.4,664,0.83,0.2,166,2.49,5,0.2,1,0.31,0.2,62,6,0.2,1.2,0,0.2,0,2.6,3092,1.2,0.5,1.8552,1
2.37,2,0.5,0.2,0.1,0.04,0.2,8,0.54,5,0.2,1,0,0.2,0,6,0.2,1.2,0,0.2,0,2.4,2308,1.2,0.5,1.3848,1
2.37,2,0.9,0.2,0.18,0.29,0.2,58,1.19,5,0.2,1,1.22,0.2,244,6,0.2,1.2,0,0.2,0,2.4,2682,1.2,0.5,1.6092,1
2.37,2,0,0.2,0,0,0.2,0,0,5,0.2,1,0.23,0.2,46,6,0.2,1.2,0,0.2,0,2.4,2246,1.2,0.5,1.3476,1
1.99,2,57.03,0.6,34218,134.33,0.6,80598,191.36,5,0.2,1,844.37,0.6,506622,2,0.2,0.4,0,0.2,0,4,622838,0.4,0.5,124.5676,1
1.99,8,0.58,0.2,116,0,0.2,0,0.58,5,0.2,1,0,0.2,0,2,0.2,0.4,0,0.2,0,2,1516,0.4,0.5,0.3032,0
1.99,12,1.52,0.4,608,0,0.2,0,1.52,5,0.2,1,6.96,0.4,2784,2,0.2,0.4,0,0.2,0,2.4,4792,0.4,0.5,0.9584,0
1.99,6,0.9,0.2,0.18,0,0.2,0,0.9,5,0.2,1,1.95,0.2,0.39,2,0.2,0.4,0,0.2,0,2,1.97,0.4,0.5,394,0
1.99,6,1.19,0.4,476,0,0.2,0,1.19,5,0.2,1,0,0.2,0,2,0.2,0.4,0,0.2,0,2.2,1876,0.4,0.5,0.3752,0
1.99,25,0.53,0.2,106,0,0.2,0,0.53,5,0.2,1,2.33,0.2,466,2,0.2,0.4,0,0.2,0,2,1972,0.4,0.5,0.3944,0
1.99,40,0.93,0.2,186,0,0.2,0,0.93,5,0.2,1,0.11,0.2,22,2,0.2,0.4,0,0.2,0,2,1608,0.4,0.5,0.3216,0
1.99,8,1.89,0.4,756,0,0.2,0,1.89,5,0.2,1,0,0.2,0,2,0.2,0.4,0,0.2,0,2.2,2156,0.4,0.5,0.4312,0
1.99,8,1.71,0.4,684,0,0.2,0,1.71,5,0.2,1,0.09,0.2,18,2,0.2,0.4,0,0.2,0,2.2,2102,0.4,0.5,0.4204,0
1.99,31,0.76,0.2,152,0,0.2,0,0.76,5,0.2,1,7.48,0.4,2992,2,0.2,0.4,0,0.2,0,2.2,4544,0.4,0.5,0.9088,0
1.99,4,0.96,0.2,192,0,0.2,0,0.96,5,0.2,1,9.45,0.4,3.78,2,0.2,0.4,0,0.2,0,2.2,5372,0.4,0.5,1.0744,1
1.99,14,1.26,0.4,504,0,0.2,0,1.26,5,0.2,1,0,0.2,0,2,0.2,0.4,0,0.2,0,2.2,1904,0.4,0.5,0.3808,0
1.99,5,0.29,0.2,58,0,0.2,0,0.29,5,0.2,1,0.06,0.2,12,2,0.2,0.4,0,0.2,0,2,1.47,0.4,0.5,294,0
1.99,5,1.27,0.4,508,0,0.2,0,1.27,5,0.2,1,2.77,0.2,554,2,0.2,0.4,0,0.2,0,2.2,2462,0.4,0.5,0.4924,0
1.99,5,1.34,0.4,536,0,0.2,0,1.34,5,0.2,1,0,0.2,0,2,0.2,0.4,0,0.2,0,2.2,1936,0.4,0.5,0.3872,0
1.99,5,0.56,0.2,112,0,0.2,0,0.56,5,0.2,1,1.75,0.2,0.35,2,0.2,0.4,0,0.2,0,2,1862,0.4,0.5,0.3724,0
1.99,20,0.86,0.2,172,0,0.2,0,0.86,5,0.2,1,0,0.2,0,6,0.2,1.2,0,0.2,0,2.4,2372,1.2,0.5,1.4232,1
1.99,19,1.62,0.4,648,0,0.2,0,1.62,5,0.2,1,0,0.2,0,6,0.2,1.2,0,0.2,0,2.6,2848,1.2,0.5,1.7088,1
1.99,19,3.02,0.6,1812,0,0.2,0,3.02,5,0.2,1,0,0.2,0,6,0.2,1.2,0,0.2,0,2.8,4012,1.2,0.5,2.4072,1
1.99,19,0.59,0.2,118,0,0.2,0,0.59,5,0.2,1,0,0.2,0,6,0.2,1.2,0,0.2,0,2.4,2318,1.2,0.5,1.3908,1
1.99,22,1.1,0.4,0.44,0,0.2,0,1.1,5,0.2,1,0,0.2,0,2,0.2,0.4,0,0.2,0,2.2,1.84,0.4,0.5,368,0
1.99,9,1.03,0.4,412,0,0.2,0,1.03,5,0.2,1,27.28,0.6,16368,2,0.2,0.4,0,0.2,0,2.6,18.18,0.4,0.5,3636,1
1.99,30,0.66,0.2,132,0,0.2,0,0.66,5,0.2,1,0.73,0.2,146,2,0.2,0.4,0,0.2,0,2,1678,0.4,0.5,0.3356,0
1.99,11,1.27,0.4,508,0,0.2,0,1.27,5,0.2,1,175.9,0.6,105.54,2,0.2,0.4,0,0.2,0,2.6,107448,0.4,0.5,21.4896,1
1.99,12,0.43,0.2,86,0,0.2,0,0.43,5,0.2,1,13.54,0.6,8124,2,0.2,0.4,0,0.2,0,2.4,9.61,0.4,0.5,1922,1
1.99,12,1.65,0.4,0.66,0,0.2,0,1.65,5,0.2,1,0.01,0.2,2,2,0.2,0.4,0,0.2,0,2.2,2062,0.4,0.5,0.4124,0
1.99,8,1.4,0.4,0.56,0,0.2,0,1.4,5,0.2,1,0,0.2,0,2,0.2,0.4,0,0.2,0,2.2,1.96,0.4,0.5,392,0
1.99,8,1.14,0.4,456,0,0.2,0,1.14,5,0.2,1,41.82,0.6,25092,2,0.2,0.4,0,0.2,0,2.6,26948,0.4,0.5,5.3896,1
1.99,8,0.45,0.2,0.09,0,0.2,0,0.45,5,0.2,1,0,0.2,0,2,0.2,0.4,0,0.2,0,2,1.49,0.4,0.5,298,0
1.99,27,0.6,0.2,0.12,0,0.2,0,0.6,5,0.2,1,0,0.2,0,2,0.2,0.4,0,0.2,0,2,1.52,0.4,0.5,304,0
1.99,29,0.85,0.2,0.17,0,0.2,0,0.85,5,0.2,1,0,0.2,0,2,0.2,0.4,0,0.2,0,2,1.57,0.4,0.5,314,0
1.99,9,1.19,0.4,476,0,0.2,0,1.19,5,0.2,1,29.76,0.6,17856,2,0.2,0.4,0,0.2,0,2.6,19732,0.4,0.5,3.9464,1
1.99,32,1.23,0.4,492,0,0.2,0,1.23,5,0.2,1,0.11,0.2,22,2,0.2,0.4,0,0.2,0,2.2,1914,0.4,0.5,0.3828,0
1.99,32,1.12,0.4,448,0,0.2,0,1.12,5,0.2,1,0.05,0.2,0.01,2,0.2,0.4,0,0.2,0,2.2,1858,0.4,0.5,0.3716,0
1.99,16,1.53,0.4,612,0,0.2,0,1.53,5,0.2,1,0.03,0.2,6,4,0.2,0.8,0,0.2,0,2.4,2418,0.8,0.5,0.9672,0
1.99,16,0.77,0.2,154,0,0.2,0,0.77,5,0.2,1,0,0.2,0,4,0.2,0.8,0,0.2,0,2.2,1954,0.8,0.5,0.7816,0
1.99,16,0.56,0.2,112,0,0.2,0,0.56,5,0.2,1,0,0.2,0,4,0.2,0.8,0,0.2,0,2.2,1912,0.8,0.5,0.7648,0
1.99,16,1.82,0.4,728,0,0.2,0,1.82,5,0.2,1,85.13,0.6,51078,4,0.2,0.8,0,0.2,0,2.8,53606,0.8,0.5,21.4424,1
1.99,16,0.44,0.2,88,0,0.2,0,0.44,5,0.2,1,0.04,0.2,8,4,0.2,0.8,0,0.2,0,2.2,1896,0.8,0.5,0.7584,0
1.99,15,1.46,0.4,584,0,0.2,0,1.46,5,0.2,1,0,0.2,0,2,0.2,0.4,0,0.2,0,2.2,1984,0.4,0.5,0.3968,0
1.99,15,1.12,0.4,448,0,0.2,0,1.12,5,0.2,1,10.98,0.6,6588,2,0.2,0.4,0,0.2,0,2.6,8436,0.4,0.5,1.6872,1
1.99,13,1.56,0.4,624,0,0.2,0,1.56,5,0.2,1,0.1,0.2,0.02,2,0.2,0.4,0,0.2,0,2.2,2044,0.4,0.5,0.4088,0
1.99,13,0,0.2,0,0,0.2,0,0,5,0.2,1,0,0.2,0,2,0.2,0.4,0,0.2,0,2,1.4,0.4,0.5,0.28,0
1.99,18,0,0.2,0,0,0.2,0,0,5,0.2,1,0,0.2,0,2,0.2,0.4,0,0.2,0,2,1.4,0.4,0.5,0.28,0
1.85,2,11.24,0.6,6744,9.49,0.6,5694,20.73,5.5,0.4,2.2,173.02,0.6,103812,2,0.2,0.4,0,0.2,0,4.4,118.85,0.4,0.5,23.77,1
1.85,6,3.7,0.6,2.22,0,0.2,0,3.7,5,0.2,1,0.12,0.2,24,2,0.2,0.4,0,0.2,0,2.4,3644,0.4,0.5,0.7288,0
1.85,6,8.53,0.6,5118,0.16,0.2,32,8.69,5,0.2,1,0.52,0.2,104,2,0.4,0.8,0,0.2,0,2.6,7054,0.8,0.5,2.8216,1
1.85,6,0.47,0.2,94,1.59,0.4,636,2.06,5,0.2,1,1.24,0.2,248,2,0.2,0.4,0,0.2,0,2.6,2378,0.4,0.5,0.4756,0
1.85,8,0.95,0.2,0.19,1.33,0.4,532,2.28,5,0.2,1,0.07,0.2,14,4,0.2,0.8,0,0.2,0,2.8,2536,0.8,0.5,1.0144,1
1.85,8,13.15,0.6,7.89,1.63,0.4,652,14.78,5,0.2,1,1.19,0.2,238,4,0.2,0.8,0,0.2,0,3.2,10.58,0.8,0.5,4232,1
1.85,8,3.17,0.6,1902,0.44,0.2,88,3.61,5,0.2,1,0,0.2,0,4,0.2,0.8,0,0.2,0,2.6,3.79,0.8,0.5,1516,1
1.85,8,7.02,0.6,4212,1.77,0.4,708,8.79,5,0.2,1,0,0.2,0,4,0.2,0.8,0,0.2,0,3.2,6.72,0.8,0.5,2688,1
1.85,16,0,0.2,0,0,0.2,0,0,5,0.2,1,0,0.2,0,2,0.2,0.4,0,0.2,0,2,1.4,0.4,0.5,0.28,0
1.85,8,0.95,0.2,0.19,0,0.2,0,0.95,5,0.2,1,0.13,0.2,26,4,0.4,1.6,0,0.2,0,2.4,2816,1.6,0.5,2.2528,1
1.85,8,0,0.2,0,0,0.2,0,0,5,0.2,1,10.53,0.6,6318,4,0.2,0.8,0,0.2,0,2.6,8118,0.8,0.5,3.2472,1
1.85,16,9.19,0.6,5514,4.2,0.6,2.52,13.39,5,0.2,1,0.52,0.2,104,2,0.2,0.4,0,0.2,0,3.6,9538,0.4,0.5,1.9076,1
1.85,19,9.14,0.6,5484,1.22,0.4,488,10.36,5,0.2,1,0,0.2,0,6,0.2,1.2,0,0.2,0,3.4,8172,1.2,0.5,4.9032,1
1.85,6,0.26,0.2,52,0,0.2,0,0.26,5,0.2,1,0,0.2,0,2,0.2,0.4,0,0.2,0,2,1452,0.4,0.5,0.2904,0
1.85,31,3.05,0.6,1.83,0.05,0.2,0.01,3.1,5,0.2,1,0,0.2,0,2,0.2,0.4,0,0.2,0,2.4,3.24,0.4,0.5,648,0
1.85,4,0.56,0.2,112,72,0.6,43.2,72.56,5,0.2,1,0.51,0.2,102,2,0.2,0.4,0,0.2,0,3.2,44814,0.4,0.5,8.9628,1
1.85,4,2.96,0.6,1776,0.15,0.2,0.03,3.11,5,0.2,1,0,0.2,0,2,0.2,0.4,0,0.2,0,2.4,3206,0.4,0.5,0.6412,0
1.85,31,2.48,0.6,1488,0,0.2,0,2.48,5,0.2,1,0,0.2,0,2,0.2,0.4,0,0.2,0,2.4,2888,0.4,0.5,0.5776,0
1.85,14,9.94,0.6,5964,0.44,0.2,88,10.38,5,0.2,1,0.15,0.2,0.03,2,0.2,0.4,0,0.2,0,2.4,7482,0.4,0.5,1.4964,1
1.85,14,5.13,0.6,3078,0.09,0.2,18,5.22,5,0.2,1,0.01,0.2,2,2,0.2,0.4,0,0.2,0,2.4,4498,0.4,0.5,0.8996,0
1.85,43,2.49,0.6,1494,0.29,0.2,58,2.78,5,0.2,1,0.49,0.2,98,2,0.2,0.4,0,0.2,0,2.4,3.05,0.4,0.5,0.61,0
1.85,5,7.22,0.6,4332,0.28,0.2,56,7.5,5,0.2,1,0,0.2,0,2,0.2,0.4,0,0.2,0,2.4,5788,0.4,0.5,1.1576,1
1.85,5,0.71,0.2,142,0.66,0.2,132,1.37,5,0.2,1,0,0.2,0,2,0.2,0.4,0,0.2,0,2,1674,0.4,0.5,0.3348,0
1.85,19,19.21,0.6,11526,2.47,0.6,1482,21.68,5,0.2,1,0,0.2,0,6,0.2,1.2,0,0.2,0,4,15208,1.2,0.5,9.1248,1
1.85,19,0.18,0.2,36,0,0.2,0,0.18,5,0.2,1,0,0.2,0,6,0.4,2.4,0,0.2,0,2.6,3436,2.4,0.5,4.1232,1
1.85,19,5.9,0.6,3.54,0,0.2,0,5.9,5,0.2,1,0.74,0.2,148,6,0.4,2.4,0,0.2,0,3,7088,2.4,0.5,8.5056,1
1.85,19,4.04,0.6,2424,0,0.2,0,4.04,5,0.2,1,0.79,0.2,158,6,0.2,1.2,0,0.2,0,2.8,4782,1.2,0.5,2.8692,1
1.85,19,2.81,0.6,1686,0.11,0.2,22,2.92,5,0.2,1,19.45,0.6,11.67,6,0.2,1.2,0,0.2,0,3.2,15578,1.2,0.5,9.3468,1
1.85,19,5.87,0.6,3522,0,0.2,0,5.87,5,0.2,1,0.44,0.2,88,6,0.2,1.2,0,0.2,0,2.8,5.81,1.2,0.5,3486,1
1.85,19,1.75,0.4,0.7,0,0.2,0,1.75,5,0.2,1,0.35,0.2,0.07,6,0.2,1.2,0,0.2,0,2.6,2.97,1.2,0.5,1782,1
1.85,19,2.05,0.6,1.23,0,0.2,0,2.05,5,0.2,1,3.53,0.2,706,6,0.2,1.2,0,0.2,0,2.8,4136,1.2,0.5,2.4816,1
1.85,19,0,0.2,0,0,0.2,0,0,5,0.2,1,0.04,0.2,8,6,0.4,2.4,0,0.2,0,2.6,3408,2.4,0.5,4.0896,1
1.85,16,3.67,0.6,2202,0.18,0.2,36,3.85,5,0.2,1,0,0.2,0,2,0.2,0.4,0,0.2,0,2.4,3638,0.4,0.5,0.7276,0
1.85,9,0.64,0.2,128,0.95,0.2,0.19,1.59,5,0.2,1,0,0.2,0,2,0.2,0.4,1,0.4,0.4,2.2,2118,0.8,0.5,0.8472,0
1.85,9,7.37,0.6,4422,1.64,0.4,656,9.01,5,0.2,1,0.08,0.2,16,2,0.2,0.4,0,0.2,0,3,6494,0.4,0.5,1.2988,1
1.85,9,10.79,0.6,6474,0.67,0.2,134,11.46,5,0.2,1,0.04,0.2,8,2,0.2,0.4,0,0.2,0,2.4,8016,0.4,0.5,1.6032,1
1.85,11,10.02,0.6,6012,0.95,0.2,0.19,10.97,5,0.2,1,0.43,0.2,86,2,0.2,0.4,0,0.2,0,2.4,7688,0.4,0.5,1.5376,1
1.85,11,0.44,0.2,88,0.62,0.2,124,1.06,5,0.2,1,0.64,0.2,128,2,0.2,0.4,0,0.2,0,2,1.74,0.4,0.5,348,0
1.85,12,2.89,0.6,1734,0.11,0.2,22,3,5,0.2,1,0.04,0.2,8,2,0.2,0.4,0,0.2,0,2.4,3164,0.4,0.5,0.6328,0
1.85,12,0.6,0.2,0.12,1.14,0.4,456,1.74,5,0.2,1,0.43,0.2,86,2,0.2,0.4,0,0.2,0,2.6,2062,0.4,0.5,0.4124,0
1.85,8,0.79,0.2,158,1.01,0.4,404,1.8,5,0.2,1,0.57,0.2,114,2,0.2,0.4,0,0.2,0,2.6,2076,0.4,0.5,0.4152,0
1.85,8,3.26,0.6,1956,0.36,0.2,72,3.62,5,0.2,1,0.02,0.2,4,2,0.2,0.4,0,0.2,0,2.4,3432,0.4,0.5,0.6864,0
1.85,8,8.94,0.6,5364,1.32,0.4,528,10.26,5,0.2,1,0.02,0.2,4,2,0.2,0.4,0,0.2,0,3,7296,0.4,0.5,1.4592,1
1.85,27,4.6,0.6,2.76,1.17,0.4,468,5.77,5,0.2,1,0.04,0.2,8,2,0.2,0.4,0,0.2,0,3,4636,0.4,0.5,0.9272,0
1.85,29,7.01,0.6,4206,1.12,0.4,448,8.13,5,0.2,1,0.1,0.2,0.02,2,0.2,0.4,0,0.2,0,3,6074,0.4,0.5,1.2148,1
1.85,29,1.04,0.4,416,0.91,0.2,182,1.95,5,0.2,1,0.37,0.2,74,2,0.2,0.4,0,0.2,0,2.2,2072,0.4,0.5,0.4144,0
1.85,9,2.81,0.6,1686,0.41,0.2,82,3.22,5,0.2,1,0,0.2,0,2,0.2,0.4,0,0.2,0,2.4,3168,0.4,0.5,0.6336,0
1.85,9,0.7,0.2,0.14,0.6,0.2,0.12,1.3,5,0.2,1,0.51,0.2,102,2,0.2,0.4,0,0.2,0,2,1762,0.4,0.5,0.3524,0
1.85,32,0.78,0.2,156,0.97,0.2,194,1.75,5,0.2,1,0.97,0.2,194,2,0.2,0.4,0,0.2,0,2,1944,0.4,0.5,0.3888,0
1.85,32,7.09,0.6,4254,1.95,0.4,0.78,9.04,5,0.2,1,0,0.2,0,2,0.2,0.4,0,0.2,0,3,6434,0.4,0.5,1.2868,1
1.85,32,1.39,0.4,556,1.1,0.4,0.44,2.49,5,0.2,1,0,0.2,0,2,0.2,0.4,0,0.2,0,2.8,2396,0.4,0.5,0.4792,0
1.85,8,2.46,0.6,1476,0.37,0.2,74,2.83,5,0.2,1,0,0.2,0,2,0.2,0.4,0,0.2,0,2.4,2.95,0.4,0.5,0.59,0
1.85,4,2.48,0.6,1488,0.1,0.2,0.02,2.58,5,0.2,1,0,0.2,0,2,0.2,0.4,0,0.2,0,2.4,2908,0.4,0.5,0.5816,0
1.85,15,1.28,0.4,512,1.75,0.4,0.7,3.03,5,0.2,1,0,0.2,0,2,0.2,0.4,0,0.2,0,2.8,2612,0.4,0.5,0.5224,0
1.85,15,3.83,0.6,2298,0.28,0.2,56,4.11,5,0.2,1,0,0.2,0,2,0.2,0.4,0,0.2,0,2.4,3754,0.4,0.5,0.7508,0
1.85,15,3.74,0.6,2244,0.55,0.2,0.11,4.29,5,0.2,1,0,0.2,0,2,0.2,0.4,0,0.2,0,2.4,3754,0.4,0.5,0.7508,0
1.85,15,11.44,0.6,6864,1.41,0.4,564,12.85,5,0.2,1,0.04,0.2,8,2,0.2,0.4,0,0.2,0,3,8836,0.4,0.5,1.7672,1
1.85,13,4.99,0.6,2994,0.64,0.2,128,5.63,5,0.2,1,0,0.2,0,2,0.2,0.4,0,0.2,0,2.4,4522,0.4,0.5,0.9044,0
1.85,13,8.25,0.6,4.95,1.59,0.4,636,9.84,5,0.2,1,0.02,0.2,4,2,0.2,0.4,0,0.2,0,3,6.99,0.4,0.5,1398,1
1.85,13,0.25,0.2,0.05,1.8,0.4,0.72,2.05,5,0.2,1,0.74,0.2,148,2,0.2,0.4,0,0.2,0,2.6,2318,0.4,0.5,0.4636,0
1.85,18,7.2,0.6,4.32,0.43,0.2,86,7.63,5,0.2,1,0.01,0.2,2,2,0.2,0.4,0,0.2,0,2.4,5808,0.4,0.5,1.1616,1
1.85,18,0.73,0.2,146,1.24,0.4,496,1.97,5,0.2,1,0.2,0.2,0.04,2,0.2,0.4,0,0.2,0,2.6,2082,0.4,0.5,0.4164,0
1.85,43,5.2,0.6,3.12,0,0.2,0,5.2,5,0.2,1,0,0.2,0,2,0.2,0.4,0,0.2,0,2.4,4.52,0.4,0.5,904,0
1.85,19,1.16,0.4,464,0,0.2,0,1.16,5,0.2,1,0.11,0.2,22,6,0.2,1.2,0,0.2,0,2.6,2686,1.2,0.5,1.6116,1
1.85,19,0,0.2,0,0,0.2,0,0,5,0.2,1,0.19,0.2,38,6,0.2,1.2,0,0.2,0,2.4,2238,1.2,0.5,1.3428,1
1.85,6,0.65,0.2,0.13,0.03,0.2,6,0.68,5,0.2,1,0.14,0.2,28,2,0.2,0.4,0,0.2,0,2,1564,0.4,0.5,0.3128,0
1.85,6,0.79,0.2,158,0,0.2,0,0.79,5,0.2,1,3.54,0.2,708,2,0.2,0.4,0,0.2,0,2,2266,0.4,0.5,0.4532,0
1.85,19,3.28,0.6,1968,0.25,0.2,0.05,3.53,5,0.2,1,0.04,0.2,8,6,0.2,1.2,0,0.2,0,2.8,4226,1.2,0.5,2.5356,1
1.85,19,0.9,0.2,0.18,0,0.2,0,0.9,5,0.2,1,0.13,0.2,26,6,0.2,1.2,0,0.2,0,2.4,2406,1.2,0.5,1.4436,1
1.85,9,5,0.6,3,0.54,0.2,108,5.54,5,0.2,1,0,0.2,0,2,0.2,0.4,0,0.2,0,2.4,4508,0.4,0.5,0.9016,0
1.85,9,7.07,0.6,4242,0.72,0.2,144,7.79,5,0.2,1,0,0.2,0,2,0.2,0.4,0,0.2,0,2.4,5786,0.4,0.5,1.1572,1
1.85,14,1.08,0.4,432,1.98,0.4,792,3.06,5,0.2,1,3.92,0.2,784,2,0.2,0.4,0,0.2,0,2.8,3408,0.4,0.5,0.6816,0
1.85,13,3.46,0.6,2076,0.09,0.2,18,3.55,5,0.2,1,0.06,0.2,12,2,0.2,0.4,0,0.2,0,2.4,3506,0.4,0.5,0.7012,0
1.85,22,0.6,0.2,0.12,1.08,0.4,432,1.68,5,0.2,1,0.33,0.2,66,2,0.2,0.4,0,0.2,0,2.6,2018,0.4,0.5,0.4036,0
1.85,22,3.92,0.6,2352,1.08,0.4,432,5,5,0.2,1,0,0.2,0,2,0.2,0.4,0,0.2,0,3,4184,0.4,0.5,0.8368,0
1.85,22,7.84,0.6,4704,2.81,0.6,1686,10.65,5,0.2,1,0,0.2,0,2,0.4,0.8,0,0.2,0,3.8,8.19,0.8,0.5,3276,1
1.85,8,0.99,0.2,198,0,0.2,0,0.99,5,0.2,1,0,0.2,0,4,0.2,0.8,0,0.2,0,2.2,1998,0.8,0.5,0.7992,0
1.85,2,0.17,0.2,34,0.11,0.2,22,0.28,5,0.2,1,0,0.2,0,2,0.2,0.4,0,0.2,0,2,1456,0.4,0.5,0.2912,0
1.85,19,45.23,0.6,27138,36.18,0.6,21708,81.41,5,0.2,1,0,0.2,0,6,0.2,1.2,0,0.2,0,4,51046,1.2,0.5,30.6276,1
1.85,11,1.69,0.4,676,0.21,0.2,42,1.9,5,0.2,1,0,0.2,0,2,0.2,0.4,0,0.2,0,2.2,2118,0.4,0.5,0.4236,0
1.85,43,0.18,0.2,36,0.63,0.2,126,0.81,5,0.2,1,0,0.2,0,2,0.2,0.4,0,0.2,0,2,1562,0.4,0.5,0.3124,0
1.85,31,0.01,0.2,2,0.91,0.2,182,0.92,5,0.2,1,0,0.2,0,2,0.2,0.4,0,0.2,0,2,1584,0.4,0.5,0.3168,0
1.85,16,0.88,0.2,176,1.5,0.4,0.6,2.38,5,0.2,1,0.19,0.2,38,2,0.2,0.4,0,0.2,0,2.6,2214,0.4,0.5,0.4428,0
1.85,2,1.17,0.4,468,0.15,0.2,0.03,1.32,5,0.2,1,0,0.2,0,2,0.2,0.4,0,0.2,0,2.2,1898,0.4,0.5,0.3796,0
1.85,8,0,0.2,0,0,0.2,0,0,5,0.2,1,0,0.2,0,4,0.2,0.8,0,0.2,0,2.2,1.8,0.8,0.5,0.72,0
1.85,16,0,0.2,0,0,0.2,0,0,5,0.2,1,0,0.2,0,2,0.2,0.4,0,0.2,0,2,1.4,0.4,0.5,0.28,0
1.85,8,0,0.2,0,0,0.2,0,0,5,0.2,1,0.2,0.2,0.04,4,0.2,0.8,0,0.2,0,2.2,1.84,0.8,0.5,736,0
1.85,6,0,0.2,0,0,0.2,0,0,5,0.2,1,0,0.2,0,2,0.2,0.4,0,0.2,0,2,1.4,0.4,0.5,0.28,0
1.85,19,0,0.2,0,0,0.2,0,0,5,0.2,1,0,0.2,0,6,0.2,1.2,0,0.2,0,2.4,2.2,1.2,0.5,1.32,1
1.85,19,0.99,0.2,198,0.11,0.2,22,1.1,5,0.2,1,0,0.2,0,6,0.2,1.2,0,0.2,0,2.4,2.42,1.2,0.5,1452,1
1.85,8,0.21,0.2,42,0,0.2,0,0.21,5,0.2,1,0,0.2,0,2,0.2,0.4,0,0.2,0,2,1442,0.4,0.5,0.2884,0
1.85,14,2.2,0.6,1.32,0.28,0.2,56,2.48,5,0.2,1,0,0.2,0,2,0.2,0.4,0,0.2,0,2.4,2776,0.4,0.5,0.5552,0
1.85,2,3.31,0.6,1986,0.17,0.2,34,3.48,5,0.2,1,0,0.2,0,2,0.2,0.4,0,0.2,0,2.4,3.42,0.4,0.5,684,0
1.85,4,2.43,0.6,1458,0.27,0.2,54,2.7,5,0.2,1,0,0.2,0,2,0.2,0.4,0,0.2,0,2.4,2912,0.4,0.5,0.5824,0
1.85,12,13.91,0.6,8346,0.5,0.2,0.1,14.41,5,0.2,1,0.19,0.2,38,2,0.2,0.4,0,0.2,0,2.4,9884,0.4,0.5,1.9768,1
2.36,1,1.71,0.4,684,0,0.2,0,1.71,6.5,0.6,3.9,88.4,0.6,53.04,6,0.4,2.4,4,0.6,2.4,4.4,62424,4.8,0.5,149.8176,1
2.37,1,1.13,0.4,452,3.85,0.6,2.31,4.98,6.5,0.6,3.9,20.89,0.6,12534,6,0.2,1.2,0,0.2,0,5,20396,1.2,0.5,12.2376,1
2.37,2,17.53,0.6,10518,0,0.2,0,17.53,6.5,0.6,3.9,94.75,0.6,56.85,6,0.2,1.2,4,0.6,2.4,4.4,74868,3.6,0.5,134.7624,1
2.37,4,0.56,0.2,112,0.7,0.2,0.14,1.26,5,0.2,1,0,0.2,0,6,0.2,1.2,0,0.2,0,2.4,2452,1.2,0.5,1.4712,1
2.37,8,0.56,0.2,112,0.08,0.2,16,0.64,5,0.2,1,0.05,0.2,0.01,6,0.2,1.2,0,0.2,0,2.4,2338,1.2,0.5,1.4028,1
2.34,2,3.95,0.6,2.37,0,0.2,0,0,5.5,0.4,2.2,83.96,0.6,50376,6,0.2,1.2,1,0.4,0.4,3.8,56546,1.6,0.5,45.2368,1
2.34,4,0,0.2,0,0,0.2,0,0,5,0.2,1,0,0.2,0,2,0.2,0.4,0,0.2,0,2,1.4,0.4,0.5,0.28,0
2.34,5,0,0.2,0,0,0.2,0,0,5,0.2,1,0,0.2,0,2,0.2,0.4,0,0.2,0,2,1.4,0.4,0.5,0.28,0
2.34,2,0,0.2,0,0,0.2,0,0,5,0.2,1,0,0.2,0,2,0.2,0.4,0,0.2,0,2,1.4,0.4,0.5,0.28,0
2.34,19,0,0.2,0,0,0.2,0,0,5,0.2,1,0,0.2,0,2,0.2,0.4,0,0.2,0,2,1.4,0.4,0.5,0.28,0
15.56,2,20.65,0.6,12.39,0,0.2,0,0,6,0.6,3.6,397.31,0.6,238386,6,0.2,1.2,1,0.4,0.4,4.2,255976,1.6,0.5,204.7808,1
15.56,1,3.73,0.6,2238,2.82,0.6,1692,6.55,6,0.6,3.6,160.41,0.6,96246,6,0.2,1.2,0,0.2,0,5.2,104976,1.2,0.5,62.9856,1
15.56,19,0,0.2,0,0,0.2,0,0,5,0.2,1,23.97,0.6,14382,6,0.2,1.2,0,0.2,0,2.8,16582,1.2,0.5,9.9492,1
17.68,1,2.52,0.6,1512,20.28,0.6,12168,22.8,5,0.2,1,70.56,0.6,42336,6,0.2,1.2,0,0.2,0,4.4,58216,1.2,0.5,34.9296,1
21.61,2,3.14,0.6,1884,5.68,0.6,3408,8.82,5.5,0.4,2.2,11.33,0.6,6798,4,0.2,0.8,0,0.2,0,4.6,15.09,0.8,0.5,6036,1
21.61,6,0.88,0.2,176,1.07,0.4,428,1.95,5,0.2,1,0.76,0.2,152,2,0.2,0.4,0,0.2,0,2.6,2156,0.4,0.5,0.4312,0
21.61,8,0.8,0.2,0.16,0.82,0.2,164,1.62,5,0.2,1,1.32,0.2,264,2,0.2,0.4,0,0.2,0,2,1988,0.4,0.5,0.3976,0
21.61,4,0.7,0.2,0.14,0.72,0.2,144,1.42,5,0.2,1,0,0.2,0,2,0.2,0.4,0,0.2,0,2,1684,0.4,0.5,0.3368,0
21.61,5,0,0.2,0,0.39,0.2,78,0.39,5,0.2,1,0.24,0.2,48,2,0.2,0.4,0,0.2,0,2,1526,0.4,0.5,0.3052,0
21.61,5,0.33,0.2,66,0,0.2,0,0.33,5,0.2,1,0,0.2,0,2,0.2,0.4,0,0.2,0,2,1466,0.4,0.5,0.2932,0
21.61,5,0.28,0.2,56,0.16,0.2,32,0.44,5,0.2,1,0,0.2,0,2,0.2,0.4,0,0.2,0,2,1488,0.4,0.5,0.2976,0
21.61,14,0.19,0.2,38,0.27,0.2,54,0.46,5,0.2,1,0.65,0.2,0.13,2,0.2,0.4,0,0.2,0,2,1622,0.4,0.5,0.3244,0
21.61,19,0.53,0.2,106,0.62,0.2,124,1.15,5,0.2,1,0.01,0.2,2,2,0.2,0.4,0,0.2,0,2,1632,0.4,0.5,0.3264,0
21.61,19,0.46,0.2,92,0.88,0.2,176,1.34,5,0.2,1,0.58,0.2,116,2,0.2,0.4,0,0.2,0,2,1784,0.4,0.5,0.3568,0
21.61,19,0.31,0.2,62,0.28,0.2,56,0.59,5,0.2,1,0,0.2,0,2,0.2,0.4,0,0.2,0,2,1518,0.4,0.5,0.3036,0
21.61,9,85,0.6,51,1.06,0.4,424,86.06,5,0.2,1,0,0.2,0,6,0.2,1.2,0,0.2,0,3.4,53624,1.2,0.5,32.1744,1
21.61,11,0.75,0.2,0.15,0.9,0.2,0.18,1.65,5,0.2,1,1.4,0.2,0.28,2,0.2,0.4,0,0.2,0,2,2.01,0.4,0.5,402,0
21.61,12,0.85,0.2,0.17,0.93,0.2,186,1.78,5,0.2,1,0,0.2,0,2,0.2,0.4,0,0.2,0,2,1756,0.4,0.5,0.3512,0
21.61,8,0.34,0.2,68,0.36,0.2,72,0.7,5,0.2,1,0.03,0.2,6,2,0.2,0.4,0,0.2,0,2,1546,0.4,0.5,0.3092,0
21.61,8,0.66,0.2,132,0.81,0.2,162,1.47,5,0.2,1,0.03,0.2,6,2,0.2,0.4,0,0.2,0,2,1.7,0.4,0.5,0.34,0
21.61,9,0.59,0.2,118,0.69,0.2,138,1.28,5,0.2,1,0,0.2,0,2,0.2,0.4,0,0.2,0,2,1656,0.4,0.5,0.3312,0
21.61,32,0.61,0.2,122,0.63,0.2,126,1.24,5,0.2,1,0,0.2,0,2,0.2,0.4,0,0.2,0,2,1648,0.4,0.5,0.3296,0
21.61,16,0.72,0.2,144,0.8,0.2,0.16,1.52,5,0.2,1,0.02,0.2,4,2,0.2,0.4,0,0.2,0,2,1708,0.4,0.5,0.3416,0
21.61,16,0.37,0.2,74,0.1,0.2,0.02,0.47,5,0.2,1,0,0.2,0,2,0.2,0.4,0,0.2,0,2,1494,0.4,0.5,0.2988,0
21.61,16,0.62,0.2,124,0.71,0.2,142,1.33,5,0.2,1,0.08,0.2,16,2,0.2,0.4,0,0.2,0,2,1682,0.4,0.5,0.3364,0
21.61,15,0.98,0.2,196,1.14,0.4,456,2.12,5,0.2,1,0,0.2,0,2,0.2,0.4,0,0.2,0,2.6,2052,0.4,0.5,0.4104,0
21.61,13,0.32,0.2,64,0,0.2,0,0.32,5,0.2,1,0,0.2,0,2,0.2,0.4,0,0.2,0,2,1464,0.4,0.5,0.2928,0
21.61,13,0.56,0.2,112,0.63,0.2,126,1.19,5,0.2,1,0.09,0.2,18,2,0.2,0.4,0,0.2,0,2,1656,0.4,0.5,0.3312,0
21.61,18,0.54,0.2,108,0.56,0.2,112,1.1,5,0.2,1,0.8,0.2,0.16,2,0.2,0.4,0,0.2,0,2,1.78,0.4,0.5,356,0
21.61,29,0.63,0.2,126,0.69,0.2,138,1.32,5,0.2,1,0.32,0.2,64,2,0.2,0.4,0,0.2,0,2,1728,0.4,0.5,0.3456,0
21.61,22,0.37,0.2,74,0.46,0.2,92,0.83,5,0.2,1,0,0.2,0,2,0.2,0.4,0,0.2,0,2,1566,0.4,0.5,0.3132,0
21.61,14,0,0.2,0,0,0.2,0,0,5,0.2,1,0,0.2,0,2,0.2,0.4,0,0.2,0,2,1.4,0.4,0.5,0.28,0
21.61,8,0.29,0.2,58,0.33,0.2,66,0.62,5,0.2,1,0,0.2,0,2,0.2,0.4,0,0.2,0,2,1524,0.4,0.5,0.3048,0
21.61,4,0.67,0.2,134,0.76,0.2,152,1.43,5,0.2,1,0,0.2,0,2,0.2,0.4,0,0.2,0,2,1686,0.4,0.5,0.3372,0
21.61,19,0.43,0.2,86,0,0.2,0,0.43,5,0.2,1,0,0.2,0,2,0.2,0.4,0,0.2,0,2,1486,0.4,0.5,0.2972,0
21.61,2,0.67,0.2,134,0.75,0.2,0.15,1.42,5,0.2,1,0.39,0.2,78,2,0.2,0.4,0,0.2,0,2,1762,0.4,0.5,0.3524,0
21.61,5,0.84,0.2,168,1.09,0.4,436,1.93,5,0.2,1,0,0.2,0,2,0.2,0.4,0,0.2,0,2.6,2004,0.4,0.5,0.4008,0
21.61,43,0.52,0.2,104,0.68,0.2,136,1.2,5,0.2,1,0,0.2,0,2,0.2,0.4,0,0.2,0,2,1.64,0.4,0.5,328,0
21.61,8,0.38,0.2,76,0.48,0.2,96,0.86,5,0.2,1,0.33,0.2,66,2,0.2,0.4,0,0.2,0,2,1638,0.4,0.5,0.3276,0
21.61,12,0.19,0.2,38,0.23,0.2,46,0.42,5,0.2,1,0,0.2,0,2,0.2,0.4,0,0.2,0,2,1484,0.4,0.5,0.2968,0
21.61,16,0.27,0.2,54,0.35,0.2,0.07,0.62,5,0.2,1,0,0.2,0,2,0.2,0.4,0,0.2,0,2,1524,0.4,0.5,0.3048,0
21.61,32,0.34,0.2,68,0.27,0.2,54,0.61,5,0.2,1,0,0.2,0,2,0.2,0.4,0,0.2,0,2,1522,0.4,0.5,0.3044,0
21.61,22,0.02,0.2,4,0.66,0.2,132,0.68,5,0.2,1,0,0.2,0,2,0.2,0.4,0,0.2,0,2,1536,0.4,0.5,0.3072,0
21.61,31,0,0.2,0,0,0.2,0,0,5,0.2,1,0.03,0.2,6,2,0.2,0.4,0,0.2,0,2,1406,0.4,0.5,0.2812,0
21.61,4,0,0.2,0,0,0.2,0,0,5,0.2,1,0,0.2,0,2,0.2,0.4,0,0.2,0,2,1.4,0.4,0.5,0.28,0
59.85,1,1.94,0.4,776,6.69,0.6,4014,8.63,5.5,0.4,2.2,13.3,0.6,7.98,6,0.2,1.2,1,0.4,0.4,4.8,16.57,1.6,0.5,13256,1
59.85,8,0,0.2,0,0,0.2,0,0,5,0.2,1,0.29,0.2,58,2,0.2,0.4,0,0.2,0,2,1458,0.4,0.5,0.2916,0
59.85,39,0,0.2,0,0,0.2,0,0,5,0.2,1,3.3,0.2,0.66,2,0.2,0.4,0,0.2,0,2,2.06,0.4,0.5,412,0
59.85,4,0.27,0.2,54,0,0.2,0,0.27,5,0.2,1,16.09,0.6,9654,2,0.2,0.4,0,0.2,0,2.4,11108,0.4,0.5,2.2216,1
59.85,5,0,0.2,0,0,0.2,0,0,5,0.2,1,1.44,0.2,288,2,0.2,0.4,0,0.2,0,2,1688,0.4,0.5,0.3376,0
59.85,19,0.03,0.2,6,0,0.2,0,0.03,5,0.2,1,1.66,0.2,332,2,0.2,0.4,0,0.2,0,2,1738,0.4,0.5,0.3476,0
59.85,9,0,0.2,0,0,0.2,0,0,5,0.2,1,0.19,0.2,38,2,0.2,0.4,0,0.2,0,2,1438,0.4,0.5,0.2876,0
59.85,11,0,0.2,0,0,0.2,0,0,5,0.2,1,0.7,0.2,0.14,2,0.2,0.4,0,0.2,0,2,1.54,0.4,0.5,308,0
59.85,12,0.05,0.2,0.01,0,0.2,0,0.05,5,0.2,1,0.63,0.2,126,2,0.2,0.4,0,0.2,0,2,1536,0.4,0.5,0.3072,0
59.85,8,0,0.2,0,0,0.2,0,0,5,0.2,1,0.93,0.2,186,2,0.2,0.4,0,0.2,0,2,1586,0.4,0.5,0.3172,0
59.85,29,0.03,0.2,6,0,0.2,0,0.03,5,0.2,1,1.22,0.2,244,2,0.2,0.4,0,0.2,0,2,1.65,0.4,0.5,0.33,0
59.85,2,0,0.2,0,0,0.2,0,0,5,0.2,1,1.2,0.2,0.24,2,0.4,0.8,0,0.2,0,2.2,2.04,0.8,0.5,816,0
59.85,9,0.01,0.2,2,0.11,0.2,22,0.12,5,0.2,1,1.03,0.2,206,2,0.2,0.4,0,0.2,0,2,1.63,0.4,0.5,326,0
59.85,32,0,0.2,0,0,0.2,0,0,5,0.2,1,2.86,0.2,572,2,0.2,0.4,0,0.2,0,2,1972,0.4,0.5,0.3944,0
59.85,16,0.03,0.2,6,0,0.2,0,0.03,5,0.2,1,1.55,0.2,0.31,2,0.2,0.4,0,0.2,0,2,1716,0.4,0.5,0.3432,0
59.85,15,0,0.2,0,0,0.2,0,0,5,0.2,1,2.39,0.2,478,2,0.2,0.4,0,0.2,0,2,1878,0.4,0.5,0.3756,0
59.85,13,0.07,0.2,14,0,0.2,0,0.07,5,0.2,1,10.4,0.6,6.24,2,0.2,0.4,0,0.2,0,2.4,7654,0.4,0.5,1.5308,1
59.85,18,0,0.2,0,0,0.2,0,0,5,0.2,1,1.3,0.2,0.26,4,0.2,0.8,0,0.2,0,2.2,2.06,0.8,0.5,824,0
59.85,4,0.31,0.2,62,0,0.2,0,0.31,5,0.2,1,0,0.2,0,2,0.2,0.4,0,0.2,0,2,1462,0.4,0.5,0.2924,0
59.85,4,0.15,0.2,0.03,0,0.2,0,0.15,5,0.2,1,0.05,0.2,0.01,2,0.2,0.4,0,0.2,0,2,1.44,0.4,0.5,288,0
59.85,4,0,0.2,0,0,0.2,0,0,5,0.2,1,0,0.2,0,2,0.2,0.4,0,0.2,0,2,1.4,0.4,0.5,0.28,0
59.85,4,0.01,0.2,2,0,0.2,0,0.01,5,0.2,1,0.6,0.2,0.12,2,0.2,0.4,0,0.2,0,2,1522,0.4,0.5,0.3044,0
59.85,5,0.15,0.2,0.03,0,0.2,0,0.15,5,0.2,1,0,0.2,0,2,0.2,0.4,0,0.2,0,2,1.43,0.4,0.5,286,0
59.85,19,0.2,0.2,0.04,0.28,0.2,56,0.48,5,0.2,1,0,0.2,0,2,0.2,0.4,0,0.2,0,2,1496,0.4,0.5,0.2992,0
59.85,9,0.06,0.2,12,0,0.2,0,0.06,5,0.2,1,0,0.2,0,2,0.2,0.4,0,0.2,0,2,1412,0.4,0.5,0.2824,0
59.85,9,0.3,0.2,0.06,0,0.2,0,0.3,5,0.2,1,0,0.2,0,2,0.2,0.4,0,0.2,0,2,1.46,0.4,0.5,292,0
59.85,9,0,0.2,0,0,0.2,0,0,5,0.2,1,0,0.2,0,2,0.2,0.4,0,0.2,0,2,1.4,0.4,0.5,0.28,0
59.85,32,0,0.2,0,0,0.2,0,0,5,0.2,1,0,0.2,0,2,0.2,0.4,0,0.2,0,2,1.4,0.4,0.5,0.28,0
59.85,7,0.29,0.2,58,0,0.2,0,0.29,5,0.2,1,0.04,0.2,8,2,0.2,0.4,0,0.2,0,2,1466,0.4,0.5,0.2932,0
59.85,13,0.48,0.2,96,0,0.2,0,0.48,5,0.2,1,0,0.2,0,2,0.2,0.4,0,0.2,0,2,1496,0.4,0.5,0.2992,0
59.85,21,0.39,0.2,78,0.39,0.2,78,0.78,5,0.2,1,0.17,0.2,34,4,0.2,0.8,0,0.2,0,2.2,1.99,0.8,0.5,796,0
59.85,21,0.21,0.2,42,0,0.2,0,0.21,5,0.2,1,0.33,0.2,66,4,0.2,0.8,0,0.2,0,2.2,1908,0.8,0.5,0.7632,0
59.85,1,0,0.2,0,0,0.2,0,0,5,0.2,1,0,0.2,0,2,0.2,0.4,0,0.2,0,2,1.4,0.4,0.5,0.28,0
59.85,21,0.42,0.2,84,0,0.2,0,0.42,5,0.2,1,0,0.2,0,4,0.2,0.8,0,0.2,0,2.2,1884,0.8,0.5,0.7536,0
59.85,28,0.04,0.2,8,0,0.2,0,0.04,5,0.2,1,0.22,0.2,44,2,0.2,0.4,0,0.2,0,2,1452,0.4,0.5,0.2904,0
59.85,14,0,0.2,0,0.22,0.2,44,0.22,5,0.2,1,0,0.2,0,2,0.2,0.4,0,0.2,0,2,1444,0.4,0.5,0.2888,0
59.85,43,0,0.2,0,0,0.2,0,0,5,0.2,1,0,0.2,0,2,0.2,0.4,0,0.2,0,2,1.4,0.4,0.5,0.28,0
55.57,32,0.29,0.2,58,0.39,0.2,78,0.68,5.5,0.4,2.2,0.05,0.2,0.01,2,0.2,0.4,0,0.2,0,2.4,2746,0.4,0.5,0.5492,0
55.57,9,0,0.2,0,1.96,0.4,784,1.96,5,0.2,1,0.4,0.2,0.08,2,0.2,0.4,0,0.2,0,2.6,2264,0.4,0.5,0.4528,0
55.57,6,2.24,0.6,1344,7.26,0.6,4356,9.5,5,0.2,1,0.24,0.2,48,2,0.2,0.4,0,0.2,0,3.6,7148,0.4,0.5,1.4296,1
55.57,6,0.62,0.2,124,0.42,0.2,84,1.04,5,0.2,1,0,0.2,0,2,0.2,0.4,0,0.2,0,2,1608,0.4,0.5,0.3216,0
55.57,8,1.7,0.4,0.68,5.91,0.6,3546,7.61,5,0.2,1,3.68,0.2,736,4,0.2,0.8,0,0.2,0,3.6,6762,0.8,0.5,2.7048,1
55.57,8,0.95,0.2,0.19,0.72,0.2,144,1.67,5,0.2,1,0,0.2,0,4,0.2,0.8,0,0.2,0,2.2,2134,0.8,0.5,0.8536,0
55.57,2,0,0.2,0,0,0.2,0,0,5.5,0.4,2.2,85.05,0.6,51.03,6,0.2,1.2,0,0.2,0,3.2,54.43,1.2,0.5,32658,1
55.57,2,2.59,0.6,1554,111.9,0.6,67.14,114.49,5,0.2,1,8.47,0.4,3388,6,0.2,1.2,0,0.2,0,4.2,74282,1.2,0.5,44.5692,1
55.57,2,6.48,0.6,3888,43.08,0.6,25848,49.56,5,0.2,1,253.12,0.6,151872,6,0.2,1.2,2,0.6,1.2,4.8,185008,2.4,0.5,222.0096,1
55.57,4,1.2,0.4,0.48,0.54,0.2,108,1.74,5,0.2,1,0.45,0.2,0.09,2,0.2,0.4,0,0.2,0,2.2,2078,0.4,0.5,0.4156,0
55.57,4,0.26,0.2,52,0.21,0.2,42,0.47,5,0.2,1,0.05,0.2,0.01,2,0.2,0.4,0,0.2,0,2,1504,0.4,0.5,0.3008,0
55.57,5,0.7,0.2,0.14,0.19,0.2,38,0.89,5,0.2,1,0,0.2,0,2,0.2,0.4,0,0.2,0,2,1578,0.4,0.5,0.3156,0
55.57,5,1.59,0.4,636,0.13,0.2,26,1.72,5,0.2,1,0.11,0.2,22,2,0.2,0.4,0,0.2,0,2.2,2084,0.4,0.5,0.4168,0
55.57,19,0,0.2,0,0,0.2,0,0,5,0.2,1,0.02,0.2,4,2,0.2,0.4,0,0.2,0,2,1404,0.4,0.5,0.2808,0
55.57,19,3.14,0.6,1884,4.97,0.6,2982,8.11,5,0.2,1,6.41,0.4,2564,2,0.2,0.4,1,0.4,0.4,4,9.23,0.8,0.5,3692,1
55.57,20,0.68,0.2,136,1.47,0.4,588,2.15,5,0.2,1,0,0.2,0,2,0.2,0.4,0,0.2,0,2.6,2124,0.4,0.5,0.4248,0
55.57,9,0.67,0.2,134,1.71,0.4,684,2.38,5,0.2,1,0,0.2,0,2,0.2,0.4,0,0.2,0,2.6,2218,0.4,0.5,0.4436,0
55.57,9,2.54,0.6,1524,5.52,0.6,3312,8.06,5,0.2,1,0.49,0.2,98,2,0.2,0.4,0,0.2,0,3.6,6334,0.4,0.5,1.2668,1
55.57,11,1.84,0.4,736,4.25,0.6,2.55,6.09,5,0.2,1,0.82,0.2,164,2,0.2,0.4,0,0.2,0,3.4,4.85,0.4,0.5,0.97,0
55.57,8,0,0.2,0,0,0.2,0,0,5,0.2,1,0,0.2,0,2,0.2,0.4,0,0.2,0,2,1.4,0.4,0.5,0.28,0
55.57,12,3.1,0.6,1.86,4.66,0.6,2796,7.76,5,0.2,1,0.59,0.2,118,2,0.2,0.4,0,0.2,0,3.6,6174,0.4,0.5,1.2348,1
55.57,12,0.79,0.2,158,0.46,0.2,92,1.25,5,0.2,1,0.28,0.2,56,2,0.2,0.4,0,0.2,0,2,1706,0.4,0.5,0.3412,0
55.57,12,0.38,0.2,76,0.09,0.2,18,0.47,5,0.2,1,0,0.2,0,2,0.2,0.4,0,0.2,0,2,1494,0.4,0.5,0.2988,0
55.57,8,2.41,0.6,1446,4.69,0.6,2814,7.1,5,0.2,1,0.25,0.2,0.05,2,0.2,0.4,0,0.2,0,3.6,5.71,0.4,0.5,1142,1
55.57,8,0,0.2,0,0,0.2,0,0,5,0.2,1,0,0.2,0,2,0.2,0.4,0,0.2,0,2,1.4,0.4,0.5,0.28,0
55.57,29,1.26,0.4,504,1.58,0.4,632,2.84,5,0.2,1,6.5,0.4,2.6,2,0.2,0.4,0,0.2,0,3,5136,0.4,0.5,1.0272,1
55.57,29,0.6,0.2,0.12,0.46,0.2,92,1.06,5,0.2,1,0,0.2,0,2,0.2,0.4,0,0.2,0,2,1612,0.4,0.5,0.3224,0
55.57,2,1.24,0.4,496,2.27,0.6,1362,3.51,5,0.2,1,0,0.2,0,6,0.2,1.2,0,0.2,0,3.8,4058,1.2,0.5,2.4348,1
55.57,1,0,0.2,0,0,0.2,0,0,5,0.2,1,0,0.2,0,6,0.2,1.2,0,0.2,0,2.4,2.2,1.2,0.5,1.32,1
55.57,44,0.0006,0.2,0.00012,1.11,0.4,444,1.1106,5,0.2,1,0,0.2,0,6,0.2,1.2,0,0.2,0,3,2.64412,1.2,0.5,1.586472,1
55.57,9,1.49,0.4,596,2.34,0.6,1404,3.83,5,0.2,1,0.25,0.2,0.05,2,0.2,0.4,0,0.2,0,3.4,3.45,0.4,0.5,0.69,0
55.57,32,1.27,0.4,508,2,0.6,1.2,3.27,5,0.2,1,0.18,0.2,36,2,0.2,0.4,0,0.2,0,3.4,3144,0.4,0.5,0.6288,0
55.57,16,2.42,0.6,1452,3.53,0.6,2118,5.95,5,0.2,1,6.31,0.4,2524,2,0.2,0.4,0,0.2,0,3.8,7494,0.4,0.5,1.4988,1
55.57,15,0.69,0.2,138,0.81,0.2,162,1.5,5,0.2,1,0,0.2,0,2,0.2,0.4,0,0.2,0,2,1.7,0.4,0.5,0.34,0
55.57,15,1.85,0.4,0.74,4.16,0.6,2496,6.01,5,0.2,1,0.51,0.2,102,2,0.2,0.4,0,0.2,0,3.4,4738,0.4,0.5,0.9476,0
55.57,15,1.85,0.4,0.74,4.16,0.6,2496,6.01,5,0.2,1,1.65,0.2,0.33,2,0.2,0.4,0,0.2,0,3.4,4966,0.4,0.5,0.9932,0
55.57,13,2.45,0.6,1.47,5.47,0.6,3282,7.92,5,0.2,1,5.61,0.4,2244,2,0.2,0.4,0,0.2,0,3.8,8396,0.4,0.5,1.6792,1
55.57,13,0.54,0.2,108,0.67,0.2,134,1.21,5,0.2,1,0,0.2,0,2,0.2,0.4,0,0.2,0,2,1642,0.4,0.5,0.3284,0
55.57,22,0,0.2,0,0,0.2,0,0,5,0.2,1,0,0.2,0,2,0.2,0.4,0,0.2,0,2,1.4,0.4,0.5,0.28,0
55.57,18,1.45,0.4,0.58,5.79,0.6,3474,7.24,5,0.2,1,0.69,0.2,138,2,0.2,0.4,0,0.2,0,3.4,5592,0.4,0.5,1.1184,1
55.57,6,0.84,0.2,168,0,0.2,0,0.84,5,0.2,1,0,0.2,0,2,0.2,0.4,0,0.2,0,2,1568,0.4,0.5,0.3136,0
55.57,6,0,0.2,0,0,0.2,0,0,5,0.2,1,0,0.2,0,2,0.2,0.4,0,0.2,0,2,1.4,0.4,0.5,0.28,0
55.57,6,0.11,0.2,22,0,0.2,0,0.11,5,0.2,1,0,0.2,0,2,0.2,0.4,0,0.2,0,2,1422,0.4,0.5,0.2844,0
55.57,16,0.49,0.2,98,0,0.2,0,0.49,5,0.2,1,0,0.2,0,2,0.2,0.4,0,0.2,0,2,1498,0.4,0.5,0.2996,0
55.57,6,0.41,0.2,82,0,0.2,0,0.41,5,0.2,1,0,0.2,0,2,0.2,0.4,0,0.2,0,2,1482,0.4,0.5,0.2964,0
55.57,25,0.56,0.2,112,0,0.2,0,0.56,5,0.2,1,0,0.2,0,2,0.2,0.4,0,0.2,0,2,1512,0.4,0.5,0.3024,0
55.57,6,0.87,0.2,174,0,0.2,0,0.87,5,0.2,1,0.1,0.2,0.02,2,0.2,0.4,0,0.2,0,2,1594,0.4,0.5,0.3188,0
55.57,25,0.5,0.2,0.1,0,0.2,0,0.5,5,0.2,1,0,0.2,0,2,0.2,0.4,0,0.2,0,2,1.5,0.4,0.5,0.3,0
55.57,6,0,0.2,0,0,0.2,0,0,5,0.2,1,0.02,0.2,4,2,0.2,0.4,0,0.2,0,2,1404,0.4,0.5,0.2808,0
55.57,6,0.38,0.2,76,0.49,0.2,98,0.87,5,0.2,1,0,0.2,0,2,0.2,0.4,0,0.2,0,2,1574,0.4,0.5,0.3148,0
55.57,6,0,0.2,0,0.03,0.2,6,0.03,5,0.2,1,0,0.2,0,2,0.2,0.4,0,0.2,0,2,1406,0.4,0.5,0.2812,0
55.57,37,0.17,0.2,34,0,0.2,0,0.17,5,0.2,1,0,0.2,0,2,0.2,0.4,0,0.2,0,2,1434,0.4,0.5,0.2868,0
55.57,8,0.84,0.2,168,0,0.2,0,0.84,5,0.2,1,0,0.2,0,4,0.2,0.8,0,0.2,0,2.2,1968,0.8,0.5,0.7872,0
55.57,37,0.49,0.2,98,4.78,0.6,2868,5.27,5,0.2,1,0,0.2,0,2,0.2,0.4,0,0.2,0,3.2,4366,0.4,0.5,0.8732,0
55.57,8,0.67,0.2,134,0.41,0.2,82,1.08,5,0.2,1,0.99,0.2,198,4,0.2,0.8,0,0.2,0,2.2,2214,0.8,0.5,0.8856,0
55.57,8,0.45,0.2,0.09,8.27,0.6,4962,8.72,5,0.2,1,9.43,0.4,3772,4,0.2,0.8,0,0.2,0,3.6,10624,0.8,0.5,4.2496,1
55.57,8,0,0.2,0,0,0.2,0,0,5,0.2,1,0,0.2,0,4,0.2,0.8,0,0.2,0,2.2,1.8,0.8,0.5,0.72,0
55.57,8,0.68,0.2,136,0,0.2,0,0.68,5,0.2,1,0,0.2,0,4,0.2,0.8,0,0.2,0,2.2,1936,0.8,0.5,0.7744,0
55.57,8,0.99,0.2,198,0,0.2,0,0.99,5,0.2,1,0,0.2,0,4,0.2,0.8,0,0.2,0,2.2,1998,0.8,0.5,0.7992,0
55.57,8,0.29,0.2,58,0,0.2,0,0.29,5,0.2,1,0,0.2,0,4,0.2,0.8,0,0.2,0,2.2,1858,0.8,0.5,0.7432,0
55.57,8,1.67,0.4,668,0,0.2,0,1.67,5,0.2,1,0.06,0.2,12,4,0.2,0.8,0,0.2,0,2.4,2.48,0.8,0.5,992,0
55.57,8,1.05,0.4,0.42,2.17,0.6,1302,3.22,5,0.2,1,0,0.2,0,4,0.2,0.8,0,0.2,0,3.6,3522,0.8,0.5,1.4088,1
55.57,2,0.74,0.2,148,0,0.2,0,0.74,5,0.2,1,0,0.2,0,6,0.2,1.2,0,0.2,0,2.4,2348,1.2,0.5,1.4088,1
55.57,2,0,0.2,0,0,0.2,0,0,5,0.2,1,0,0.2,0,6,0.2,1.2,0,0.2,0,2.4,2.2,1.2,0.5,1.32,1
55.57,4,0.51,0.2,102,1.36,0.4,544,1.87,5,0.2,1,0,0.2,0,2,0.2,0.4,0,0.2,0,2.6,2046,0.4,0.5,0.4092,0
55.57,4,0.74,0.2,148,0,0.2,0,0.74,5,0.2,1,0.15,0.2,0.03,2,0.2,0.4,0,0.2,0,2,1578,0.4,0.5,0.3156,0
55.57,4,0.23,0.2,46,0,0.2,0,0.23,5,0.2,1,,0.2,0,2,0.2,0.4,0,0.2,0,2,1446,0.4,0.5,0.2892,0
55.57,4,0,0.2,0,1.3,0.4,0.52,1.3,5,0.2,1,0,0.2,0,2,0.2,0.4,0,0.2,0,2.6,1.92,0.4,0.5,384,0
55.57,4,0.49,0.2,98,0,0.2,0,0.49,5,0.2,1,0,0.2,0,2,0.2,0.4,0,0.2,0,2,1498,0.4,0.5,0.2996,0
55.57,4,0.73,0.2,146,0,0.2,0,0.73,5,0.2,1,0,0.2,0,2,0.2,0.4,0,0.2,0,2,1546,0.4,0.5,0.3092,0
55.57,4,0.28,0.2,56,0.25,0.2,0.05,0.53,5,0.2,1,0,0.2,0,2,0.2,0.4,0,0.2,0,2,1506,0.4,0.5,0.3012,0
55.57,4,0.32,0.2,64,0,0.2,0,0.32,5,0.2,1,0,0.2,0,2,0.4,0.8,0,0.2,0,2.2,1864,0.8,0.5,0.7456,0
55.57,14,0.21,0.2,42,0,0.2,0,0.21,5,0.2,1,0,0.2,0,2,0.2,0.4,0,0.2,0,2,1442,0.4,0.5,0.2884,0
55.57,14,1.63,0.4,652,0,0.2,0,1.63,5,0.2,1,0,0.2,0,2,0.2,0.4,0,0.2,0,2.2,2052,0.4,0.5,0.4104,0
55.57,36,0.8,0.2,0.16,0,0.2,0,0.8,5,0.2,1,0,0.2,0,2,0.2,0.4,0,0.2,0,2,1.56,0.4,0.5,312,0
55.57,5,0,0.2,0,0,0.2,0,0,5,0.2,1,0,0.2,0,2,0.2,0.4,0,0.2,0,2,1.4,0.4,0.5,0.28,0
55.57,43,0.83,0.2,166,0,0.2,0,0.83,5,0.2,1,0,0.2,0,2,0.2,0.4,0,0.2,0,2,1566,0.4,0.5,0.3132,0
55.57,5,0.57,0.2,114,1.26,0.4,504,1.83,5,0.2,1,0.1,0.2,0.02,2,0.2,0.4,0,0.2,0,2.6,2038,0.4,0.5,0.4076,0
55.57,5,0.71,0.2,142,0,0.2,0,0.71,5,0.2,1,0,0.2,0,2,0.2,0.4,0,0.2,0,2,1542,0.4,0.5,0.3084,0
55.57,5,0.15,0.2,0.03,0,0.2,0,0.15,5,0.2,1,0,0.2,0,2,0.2,0.4,0,0.2,0,2,1.43,0.4,0.5,286,0
55.57,5,1.26,0.4,504,0,0.2,0,1.26,5,0.2,1,0,0.2,0,2,0.2,0.4,0,0.2,0,2.2,1904,0.4,0.5,0.3808,0
55.57,5,0,0.2,0,0,0.2,0,0,5,0.2,1,0.01,0.2,2,2,0.2,0.4,0,0.2,0,2,1402,0.4,0.5,0.2804,0
55.57,43,0,0.2,0,0,0.2,0,0,5,0.2,1,0,0.2,0,2,0.2,0.4,0,0.2,0,2,1.4,0.4,0.5,0.28,0
55.57,5,0,0.2,0,0,0.2,0,0,5,0.2,1,0,0.2,0,2,0.2,0.4,0,0.2,0,2,1.4,0.4,0.5,0.28,0
55.57,5,0.09,0.2,18,0,0.2,0,0.09,5,0.2,1,0,0.2,0,2,0.2,0.4,0,0.2,0,2,1418,0.4,0.5,0.2836,0
55.57,5,0.51,0.2,102,0.03,0.2,6,0.54,5,0.2,1,0,0.2,0,2,0.2,0.4,0,0.2,0,2,1508,0.4,0.5,0.3016,0
55.57,5,0.49,0.2,98,0,0.2,0,0.49,5,0.2,1,0.02,0.2,4,2,0.2,0.4,0,0.2,0,2,1502,0.4,0.5,0.3004,0
55.57,19,1.1,0.4,0.44,0,0.2,0,1.1,5,0.2,1,0,0.2,0,2,0.2,0.4,0,0.2,0,2.2,1.84,0.4,0.5,368,0
55.57,8,1.14,0.4,456,0,0.2,0,1.14,5,0.2,1,0,0.2,0,4,0.2,0.8,0,0.2,0,2.4,2256,0.8,0.5,0.9024,0
55.57,19,0,0.2,0,0,0.2,0,0,5,0.2,1,0,0.2,0,2,0.2,0.4,0,0.2,0,2,1.4,0.4,0.5,0.28,0
55.57,19,2.3,0.6,1.38,0,0.2,0,2.3,5,0.2,1,0,0.2,0,2,0.2,0.4,0,0.2,0,2.4,2.78,0.4,0.5,556,0
55.57,19,1.6,0.4,0.64,0.49,0.2,98,2.09,5,0.2,1,88.34,0.6,53004,2,0.2,0.4,0,0.2,0,2.6,55142,0.4,0.5,11.0284,1
55.57,19,1.49,0.4,596,0,0.2,0,1.49,5,0.2,1,0,0.2,0,2,0.2,0.4,0,0.2,0,2.2,1996,0.4,0.5,0.3992,0
55.57,19,0.24,0.2,48,0,0.2,0,0.24,5,0.2,1,0,0.2,0,2,0.2,0.4,0,0.2,0,2,1448,0.4,0.5,0.2896,0
55.57,19,0.42,0.2,84,0,0.2,0,0.42,5,0.2,1,0,0.2,0,2,0.2,0.4,0,0.2,0,2,1484,0.4,0.5,0.2968,0
55.57,19,1.07,0.4,428,0.16,0.2,32,1.23,5,0.2,1,0,0.2,0,2,0.2,0.4,0,0.2,0,2.2,1.86,0.4,0.5,372,0
55.57,22,1.39,0.4,556,0,0.2,0,1.39,5,0.2,1,0,0.2,0,2,0.2,0.4,0,0.2,0,2.2,1956,0.4,0.5,0.3912,0
55.57,22,0.07,0.2,14,0,0.2,0,0.07,5,0.2,1,0,0.2,0,2,0.2,0.4,0,0.2,0,2,1414,0.4,0.5,0.2828,0
55.57,9,0.49,0.2,98,0.4,0.2,0.08,0.89,5,0.2,1,0,0.2,0,2,0.2,0.4,0,0.2,0,2,1578,0.4,0.5,0.3156,0
55.57,9,0.88,0.2,176,0.54,0.2,108,1.42,5,0.2,1,0.11,0.2,22,2,0.2,0.4,0,0.2,0,2,1706,0.4,0.5,0.3412,0
55.57,19,0,0.2,0,1.74,0.4,696,1.74,5,0.2,1,0,0.2,0,2,0.2,0.4,0,0.2,0,2.6,2096,0.4,0.5,0.4192,0
55.57,9,1.28,0.4,512,0,0.2,0,1.28,5,0.2,1,0.22,0.2,44,2,0.2,0.4,0,0.2,0,2.2,1956,0.4,0.5,0.3912,0
55.57,9,0,0.2,0,0,0.2,0,0,5,0.2,1,0,0.2,0,2,0.2,0.4,0,0.2,0,2,1.4,0.4,0.5,0.28,0
55.57,9,0,0.2,0,0,0.2,0,0,5,0.2,1,0,0.2,0,2,0.2,0.4,0,0.2,0,2,1.4,0.4,0.5,0.28,0
55.57,9,0.21,0.2,42,0,0.2,0,0.21,5,0.2,1,0,0.2,0,2,0.2,0.4,0,0.2,0,2,1442,0.4,0.5,0.2884,0
55.57,9,0.92,0.2,184,0,0.2,0,0.92,5,0.2,1,0,0.2,0,2,0.2,0.4,0,0.2,0,2,1584,0.4,0.5,0.3168,0
55.57,9,0.17,0.2,34,0,0.2,0,0.17,5,0.2,1,0,0.2,0,2,0.2,0.4,0,0.2,0,2,1434,0.4,0.5,0.2868,0
55.57,9,0.26,0.2,52,0.0021,0.2,0.00042,0.2621,5,0.2,1,0,0.2,0,2,0.2,0.4,0,0.2,0,2,1.45242,0.4,0.5,0.290484,0
55.57,9,0.78,0.2,156,0,0.2,0,0.78,5,0.2,1,0,0.2,0,2,0.2,0.4,0,0.2,0,2,1556,0.4,0.5,0.3112,0
55.57,11,0.98,0.2,196,0,0.2,0,0.98,5,0.2,1,0,0.2,0,2,0.2,0.4,0,0.2,0,2,1596,0.4,0.5,0.3192,0
55.57,11,0.27,0.2,54,0.0017,0.2,0.00034,0.2717,5,0.2,1,0,0.2,0,2,0.2,0.4,0,0.2,0,2,1.45434,0.4,0.5,0.290868,0
55.57,11,0.41,0.2,82,0.11,0.2,22,0.52,5,0.2,1,0,0.2,0,2,0.2,0.4,0,0.2,0,2,1504,0.4,0.5,0.3008,0
55.57,11,0.74,0.2,148,0,0.2,0,0.74,5,0.2,1,0.71,0.2,142,2,0.2,0.4,0,0.2,0,2,1.69,0.4,0.5,338,0
55.57,11,0.82,0.2,164,2.92,0.6,1752,3.74,5,0.2,1,0,0.2,0,2,0.2,0.4,0,0.2,0,3.2,3316,0.4,0.5,0.6632,0
55.57,12,0,0.2,0,11.68,0.6,7008,11.68,5,0.2,1,0,0.2,0,2,0.2,0.4,0,0.2,0,3.2,8408,0.4,0.5,1.6816,1
55.57,12,0.61,0.2,122,0,0.2,0,0.61,5,0.2,1,0,0.2,0,2,0.2,0.4,0,0.2,0,2,1522,0.4,0.5,0.3044,0
55.57,12,0.62,0.2,124,0.47,0.2,94,1.09,5,0.2,1,0.58,0.2,116,2,0.2,0.4,0,0.2,0,2,1734,0.4,0.5,0.3468,0
55.57,12,0,0.2,0,0,0.2,0,0,5,0.2,1,3.57,0.2,714,2,0.2,0.4,0,0.2,0,2,2114,0.4,0.5,0.4228,0
55.57,12,0,0.2,0,0,0.2,0,0,5,0.2,1,0,0.2,0,2,0.2,0.4,0,0.2,0,2,1.4,0.4,0.5,0.28,0
55.57,12,0,0.2,0,0,0.2,0,0,5,0.2,1,0,0.2,0,2,0.2,0.4,0,0.2,0,2,1.4,0.4,0.5,0.28,0
55.57,12,0,0.2,0,0,0.2,0,0,5,0.2,1,0,0.2,0,2,0.2,0.4,0,0.2,0,2,1.4,0.4,0.5,0.28,0
55.57,12,1.08,0.4,432,0,0.2,0,1.08,5,0.2,1,0,0.2,0,2,0.2,0.4,0,0.2,0,2.2,1832,0.4,0.5,0.3664,0
55.57,12,0.7,0.2,0.14,0,0.2,0,0.7,5,0.2,1,0,0.2,0,2,0.2,0.4,0,0.2,0,2,1.54,0.4,0.5,308,0
55.57,8,1.36,0.4,544,0,0.2,0,1.36,5,0.2,1,0,0.2,0,2,0.2,0.4,0,0.2,0,2.2,1944,0.4,0.5,0.3888,0
55.57,8,0,0.2,0,5.24,0.6,3144,5.24,5,0.2,1,0,0.2,0,2,0.2,0.4,0,0.2,0,3.2,4544,0.4,0.5,0.9088,0
55.57,8,0.32,0.2,64,0.17,0.2,34,0.49,5,0.2,1,0,0.2,0,2,0.2,0.4,0,0.2,0,2,1498,0.4,0.5,0.2996,0
55.57,8,0.33,0.2,66,0.0013,0.2,0.00026,0.3313,5,0.2,1,0,0.2,0,2,0.2,0.4,0,0.2,0,2,1.46626,0.4,0.5,0.293252,0
55.57,8,1.08,0.4,432,0.92,0.2,184,2,5,0.2,1,0.04,0.2,8,2,0.2,0.4,0,0.2,0,2.2,2024,0.4,0.5,0.4048,0
55.57,8,0,0.2,0,0,0.2,0,0,5,0.2,1,0,0.2,0,2,0.2,0.4,0,0.2,0,2,1.4,0.4,0.5,0.28,0
55.57,8,0.6,0.2,0.12,0,0.2,0,0.6,5,0.2,1,0,0.2,0,2,0.2,0.4,0,0.2,0,2,1.52,0.4,0.5,304,0
55.57,27,0.76,0.2,152,0,0.2,0,0.76,5,0.2,1,0,0.2,0,2,0.2,0.4,0,0.2,0,2,1552,0.4,0.5,0.3104,0
55.57,27,0,0.2,0,2.99,0.6,1794,2.99,5,0.2,1,0.06,0.2,12,2,0.2,0.4,0,0.2,0,3.2,3206,0.4,0.5,0.6412,0
55.57,29,0,0.2,0,0,0.2,0,0,5,0.2,1,0,0.2,0,2,0.2,0.4,0,0.2,0,2,1.4,0.4,0.5,0.28,0
55.57,29,0.49,0.2,98,0.28,0.2,56,0.77,5,0.2,1,0.07,0.2,14,2,0.2,0.4,0,0.2,0,2,1568,0.4,0.5,0.3136,0
55.57,29,0,0.2,0,0.81,0.2,162,0.81,5,0.2,1,0,0.2,0,2,0.2,0.4,0,0.2,0,2,1562,0.4,0.5,0.3124,0
55.57,29,0.41,0.2,82,0,0.2,0,0.41,5,0.2,1,0,0.2,0,2,0.2,0.4,0,0.2,0,2,1482,0.4,0.5,0.2964,0
55.57,27,0,0.2,0,0,0.2,0,0,5,0.2,1,0,0.2,0,2,0.2,0.4,0,0.2,0,2,1.4,0.4,0.5,0.28,0
55.57,29,0.82,0.2,164,0,0.2,0,0.82,5,0.2,1,0,0.2,0,2,0.2,0.4,0,0.2,0,2,1564,0.4,0.5,0.3128,0
55.57,29,0.32,0.2,64,0.0009,0.2,0.00018,0.3209,5,0.2,1,0,0.2,0,2,0.2,0.4,0,0.2,0,2,1.46418,0.4,0.5,0.292836,0
55.57,27,0,0.2,0,0,0.2,0,0,5,0.2,1,0,0.2,0,2,0.2,0.4,0,0.2,0,2,1.4,0.4,0.5,0.28,0
55.57,2,0,0.2,0,0,0.2,0,0,5,0.2,1,0,0.2,0,6,0.2,1.2,0,0.2,0,2.4,2.2,1.2,0.5,1.32,1
55.57,2,1.06,0.4,424,0.63,0.2,126,1.69,5,0.2,1,0.9,0.2,0.18,6,0.2,1.2,0,0.2,0,2.6,2.93,1.2,0.5,1758,1
55.57,28,0,0.2,0,0,0.2,0,0,5,0.2,1,0,0.2,0,2,0.2,0.4,0,0.2,0,2,1.4,0.4,0.5,0.28,0
55.57,28,0,0.2,0,0,0.2,0,0,5,0.2,1,0.13,0.2,26,2,0.2,0.4,0,0.2,0,2,1426,0.4,0.5,0.2852,0
55.57,17,0,0.2,0,0,0.2,0,0,5,0.2,1,0,0.2,0,2,0.2,0.4,0,0.2,0,2,1.4,0.4,0.5,0.28,0
55.57,9,0.51,0.2,102,1.63,0.4,652,2.14,5,0.2,1,1.8,0.2,0.36,2,0.2,0.4,0,0.2,0,2.6,2514,0.4,0.5,0.5028,0
55.57,9,1.06,0.4,424,0,0.2,0,1.06,5,0.2,1,0,0.2,0,2,0.2,0.4,0,0.2,0,2.2,1824,0.4,0.5,0.3648,0
55.57,9,0.71,0.2,142,0.25,0.2,0.05,0.96,5,0.2,1,0,0.2,0,2,0.2,0.4,0,0.2,0,2,1592,0.4,0.5,0.3184,0
55.57,32,0,0.2,0,8.49,0.6,5094,8.49,5,0.2,1,0.43,0.2,86,2,0.2,0.4,0,0.2,0,3.2,6.58,0.4,0.5,1316,1
55.57,32,1.6,0.4,0.64,0,0.2,0,1.6,5,0.2,1,0,0.2,0,2,0.2,0.4,0,0.2,0,2.2,2.04,0.4,0.5,408,0
55.57,32,0.3,0.2,0.06,0.0023,0.2,0.00046,0.3023,5,0.2,1,0,0.2,0,2,0.2,0.4,0,0.2,0,2,1.46046,0.4,0.5,0.292092,0
55.57,16,0.47,0.2,94,0.46,0.2,92,0.93,5,0.2,1,0.42,0.2,84,2,0.2,0.4,0,0.2,0,2,1.67,0.4,0.5,334,0
55.57,16,0,0.2,0,0,0.2,0,0,5,0.2,1,0.02,0.2,4,2,0.2,0.4,0,0.2,0,2,1404,0.4,0.5,0.2808,0
55.57,16,1.19,0.4,476,0,0.2,0,1.19,5,0.2,1,0,0.2,0,2,0.2,0.4,0,0.2,0,2.2,1876,0.4,0.5,0.3752,0
55.57,16,0,0.2,0,1.29,0.4,516,1.29,5,0.2,1,0,0.2,0,2,0.2,0.4,0,0.2,0,2.6,1916,0.4,0.5,0.3832,0
55.57,16,0.7,0.2,0.14,0.79,0.2,158,1.49,5.5,0.4,2.2,1.91,0.2,382,2,0.2,0.4,0,0.2,0,2.4,3.28,0.4,0.5,656,0
55.57,22,0.83,0.2,166,0,0.2,0,0.83,5,0.2,1,0.14,0.2,28,2,0.2,0.4,0,0.2,0,2,1594,0.4,0.5,0.3188,0
55.57,16,0.74,0.2,148,0,0.2,0,0.74,5,0.2,1,2.4,0.2,0.48,2,0.2,0.4,0,0.2,0,2,2028,0.4,0.5,0.4056,0
55.57,16,0.2,0.2,0.04,0,0.2,0,0.2,5,0.2,1,0,0.2,0,2,0.2,0.4,0,0.2,0,2,1.44,0.4,0.5,288,0
55.57,15,1.4,0.4,0.56,0.06,0.2,12,1.46,5,0.2,1,0,0.2,0,2,0.2,0.4,0,0.2,0,2.2,1972,0.4,0.5,0.3944,0
55.57,15,0.4,0.2,0.08,0.0025,0.2,0.0005,0.4025,5,0.2,1,0,0.2,0,2,0.2,0.4,0,0.2,0,2,1.4805,0.4,0.5,0.2961,0
55.57,15,0.85,0.2,0.17,1,0.4,0.4,1.85,5,0.2,1,0.4,0.2,0.08,2,0.2,0.4,0,0.2,0,2.6,2.05,0.4,0.5,0.41,0
55.57,15,0,0.2,0,0.88,0.2,176,0.88,5,0.2,1,0.07,0.2,14,2,0.2,0.4,0,0.2,0,2,1.59,0.4,0.5,318,0
55.57,15,0,0.2,0,0,0.2,0,0,5,0.2,1,0,0.2,0,2,0.2,0.4,0,0.2,0,2,1.4,0.4,0.5,0.28,0
55.57,15,1.12,0.4,448,0,0.2,0,1.12,5,0.2,1,0,0.2,0,2,0.2,0.4,0,0.2,0,2.2,1848,0.4,0.5,0.3696,0
55.57,15,1.28,0.4,512,0,0.2,0,1.28,5,0.2,1,0,0.2,0,2,0.2,0.4,0,0.2,0,2.2,1912,0.4,0.5,0.3824,0
55.57,15,0,0.2,0,0,0.2,0,0,5,0.2,1,0,0.2,0,2,0.2,0.4,0,0.2,0,2,1.4,0.4,0.5,0.28,0
55.57,13,0,0.2,0,1.16,0.4,464,1.16,5,0.2,1,0,0.2,0,2,0.2,0.4,0,0.2,0,2.6,1864,0.4,0.5,0.3728,0
55.57,13,0.1,0.2,0.02,0,0.2,0,0.1,5,0.2,1,0,0.2,0,2,0.2,0.4,0,0.2,0,2,1.42,0.4,0.5,284,0
55.57,13,1.06,0.4,424,1.6,0.4,0.64,2.66,5,0.2,1,16.09,0.6,9654,2,0.2,0.4,0,0.2,0,3.2,12118,0.4,0.5,2.4236,1
55.57,13,0.25,0.2,0.05,0.0017,0.2,0.00034,0.2517,5,0.2,1,0,0.2,0,2,0.2,0.4,0,0.2,0,2,1.45034,0.4,0.5,0.290068,0
55.57,13,0.31,0.2,62,0.0015,0.2,0.0003,0.3115,5,0.2,1,0,0.2,0,2,0.2,0.4,0,0.2,0,2,1.4623,0.4,0.5,0.29246,0
55.57,13,0,0.2,0,0,0.2,0,0,5,0.2,1,0,0.2,0,2,0.2,0.4,0,0.2,0,2,1.4,0.4,0.5,0.28,0
55.57,13,0.84,0.2,168,0,0.2,0,0.84,5,0.2,1,0,0.2,0,2,0.2,0.4,0,0.2,0,2,1568,0.4,0.5,0.3136,0
55.57,13,1.09,0.4,436,0,0.2,0,1.09,5,0.2,1,0,0.2,0,2,0.2,0.4,0,0.2,0,2.2,1836,0.4,0.5,0.3672,0
55.57,13,1.29,0.4,516,0,0.2,0,1.29,5,0.2,1,0,0.2,0,2,0.2,0.4,0,0.2,0,2.2,1916,0.4,0.5,0.3832,0
55.57,13,0.51,0.2,102,0.37,0.2,74,0.88,5,0.2,1,0,0.2,0,2,0.2,0.4,0,0.2,0,2,1576,0.4,0.5,0.3152,0
55.57,21,0.09,0.2,18,0,0.2,0,0.09,5,0.2,1,0,0.2,0,2,0.2,0.4,0,0.2,0,2,1418,0.4,0.5,0.2836,0
55.57,18,0.39,0.2,78,0.91,0.2,182,1.3,5,0.2,1,0,0.2,0,2,0.2,0.4,0,0.2,0,2,1.66,0.4,0.5,332,0
55.57,21,1.07,0.4,428,0,0.2,0,1.07,5,0.2,1,0,0.2,0,2,0.2,0.4,0,0.2,0,2.2,1828,0.4,0.5,0.3656,0
55.57,25,0,0.2,0,0,0.2,0,0,5,0.2,1,0,0.2,0,2,0.2,0.4,0,0.2,0,2,1.4,0.4,0.5,0.28,0
55.57,32,0.5,0.2,0.1,2.97,0.6,1782,3.47,5,0.2,1,0.18,0.2,36,2,0.2,0.4,0,0.2,0,3.2,3318,0.4,0.5,0.6636,0
55.57,22,0.49,0.2,98,0.55,0.2,0.11,1.04,5,0.2,1,0,0.2,0,2,0.2,0.4,0,0.2,0,2,1608,0.4,0.5,0.3216,0
55.57,14,0.84,0.2,168,0.65,0.2,0.13,1.49,5,0.2,1,0,0.2,0,2,0.2,0.4,0,0.2,0,2,1698,0.4,0.5,0.3396,0
55.57,12,0.9,0.2,0.18,1.11,0.4,444,2.01,5,0.2,1,0,0.2,0,2,0.2,0.4,0,0.2,0,2.6,2024,0.4,0.5,0.4048,0
55.57,12,0,0.2,0,0,0.2,0,0,5,0.2,1,0,0.2,0,2,0.2,0.4,0,0.2,0,2,1.4,0.4,0.5,0.28,0
55.57,14,0.59,0.2,118,0,0.2,0,0.59,5,0.2,1,0,0.2,0,2,0.2,0.4,0,0.2,0,2,1518,0.4,0.5,0.3036,0
55.57,36,0.02,0.2,4,0,0.2,0,0.02,5,0.2,1,0,0.2,0,2,0.2,0.4,0,0.2,0,2,1404,0.4,0.5,0.2808,0
55.57,14,1.48,0.4,592,4.48,0.6,2688,5.96,5,0.2,1,0,0.2,0,2,0.2,0.4,0,0.2,0,3.4,4.68,0.4,0.5,936,0
55.57,22,0,0.2,0,3.3,0.6,1.98,3.3,5,0.2,1,0,0.2,0,2,0.2,0.4,0,0.2,0,3.2,3.38,0.4,0.5,676,0
55.57,8,0.8,0.2,0.16,0.57,0.2,114,1.37,5,0.2,1,0,0.2,0,2,0.2,0.4,0,0.2,0,2,1674,0.4,0.5,0.3348,0
55.57,18,0.36,0.2,72,0.54,0.2,108,0.9,5,0.2,1,0.21,0.2,42,2,0.2,0.4,0,0.2,0,2,1622,0.4,0.5,0.3244,0
55.57,9,0.44,0.2,88,0.53,0.2,106,0.97,5,0.2,1,0,0.2,0,2,0.2,0.4,0,0.2,0,2,1594,0.4,0.5,0.3188,0
55.57,16,0.51,0.2,102,0.5,0.2,0.1,1.01,5,0.2,1,0.09,0.2,18,2,0.2,0.4,0,0.2,0,2,1.62,0.4,0.5,324,0
55.57,18,0.75,0.2,0.15,0.45,0.2,0.09,1.2,5,0.2,1,0,0.2,0,2,0.2,0.4,0,0.2,0,2,1.64,0.4,0.5,328,0
55.57,9,0.49,0.2,98,0.4,0.2,0.08,0.89,5,0.2,1,0,0.2,0,2,0.2,0.4,0,0.2,0,2,1578,0.4,0.5,0.3156,0
55.57,16,0.47,0.2,94,0.37,0.2,74,0.84,5,0.2,1,0,0.2,0,2,0.2,0.4,0,0.2,0,2,1568,0.4,0.5,0.3136,0
55.57,14,0.24,0.2,48,0.04,0.2,8,0.28,5,0.2,1,0,0.2,0,2,0.2,0.4,0,0.2,0,2,1456,0.4,0.5,0.2912,0
55.57,18,0.2,0.2,0.04,0,0.2,0,0.2,5,0.2,1,0,0.2,0,2,0.2,0.4,0,0.2,0,2,1.44,0.4,0.5,288,0
55.57,15,0,0.2,0,0,0.2,0,0,5,0.2,1,0.32,0.2,64,2,0.2,0.4,0,0.2,0,2,1464,0.4,0.5,0.2928,0
